Item_ID,Target
ABEAHAMASHL_11_2021,56109.99709811485
ABEAHAMASHL_12_2021,60883.29607718375
ABEAHAMASHL_1_2022,-28326.454281446364
ABEAHAMASHL_2_2022,-25105.482613553395
ABEENNEARMAZZ_11_2021,242635.70106857092
ABEENNEARMAZZ_12_2021,258779.9267477872
ABEENNEARMAZZ_1_2022,40496.350060320256
ABEENNEARMAZZ_2_2022,17658.92584288159
ABEETTEABE_11_2021,1292762.5840421636
ABEETTEABE_12_2021,1541822.4336636604
ABEETTEABE_1_2022,701144.3972967861
ABEETTEABE_2_2022,854820.3989310622
ABERTHAKEVAZZ_11_2021,347244.0812282153
ABERTHAKEVAZZ_12_2021,341985.1887828805
ABERTHAKEVAZZ_1_2022,349508.6057606818
ABERTHAKEVAZZ_2_2022,267993.60130624694
ABEWARDREYZZ_11_2021,170940.28260840668
ABEWARDREYZZ_12_2021,155913.60708515212
ABEWARDREYZZ_1_2022,77217.6494005296
ABEWARDREYZZ_2_2022,65749.56246580236
ALBEATHAPENNZZ_11_2021,605485.7429127218
ALBEATHAPENNZZ_12_2021,452541.9412571357
ALBEATHAPENNZZ_1_2022,306186.8808995638
ALBEATHAPENNZZ_2_2022,326397.4217103239
ALBELINAJULI_11_2021,1389163.2039529972
ALBELINAJULI_12_2021,1393358.3220332293
ALBELINAJULI_1_2022,609804.8902033924
ALBELINAJULI_2_2022,647186.6646290801
ALBERRONLYNEZZ_11_2021,158099.17873859697
ALBERRONLYNEZZ_12_2021,93222.03316088163
ALBERRONLYNEZZ_1_2022,-27212.615874211
ALBERRONLYNEZZ_2_2022,-13138.221735450017
ALBERRONMAYN_11_2021,134932.37123374577
ALBERRONMAYN_12_2021,133935.42327664854
ALBERRONMAYN_1_2022,33500.36399257379
ALBERRONMAYN_2_2022,43485.298353967046
ALONALLYKATH_11_2021,1800461.3525496083
ALONALLYKATH_12_2021,1725151.7153785657
ALONALLYKATH_1_2022,898703.1298510116
ALONALLYKATH_2_2022,1157434.3475723567
ALONANDALAKE_11_2021,2493493.6159174624
ALONANDALAKE_12_2021,2456322.624414652
ALONANDALAKE_1_2022,1125353.3522040034
ALONANDALAKE_2_2022,1295201.6801925143
ALONETTASHERZZ_11_2021,420236.837970046
ALONETTASHERZZ_12_2021,407388.38178489864
ALONETTASHERZZ_1_2022,343667.01508287265
ALONETTASHERZZ_2_2022,283465.82843527175
ALONETTELAVEZZ_11_2021,130783.63020214974
ALONETTELAVEZZ_12_2021,114235.85102628072
ALONETTELAVEZZ_1_2022,48543.93961614902
ALONETTELAVEZZ_2_2022,43767.84447297763
ALONLEENLUANZZ_11_2021,333191.17330925976
ALONLEENLUANZZ_12_2021,305948.7152705495
ALONLEENLUANZZ_1_2022,168779.08782078896
ALONLEENLUANZZ_2_2022,182548.05220619377
ALONRTIEARLEZZ_11_2021,12031.556244170573
ALONRTIEARLEZZ_12_2021,14722.735915359834
ALONRTIEARLEZZ_1_2022,11302.250728088504
ALONRTIEARLEZZ_2_2022,12330.845415767033
ALONSHIADUANZZ_11_2021,928137.8907848169
ALONSHIADUANZZ_12_2021,638509.5359045587
ALONSHIADUANZZ_1_2022,446567.15617054066
ALONSHIADUANZZ_2_2022,468784.1148374518
AMBEELIABRITZZ_11_2021,18666.159282482742
AMBEELIABRITZZ_12_2021,13570.397439061262
AMBEELIABRITZZ_1_2022,4748.487902315395
AMBEELIABRITZZ_2_2022,5683.555151689707
AMBEIBALCOLLZZ_11_2021,150007.55206454862
AMBEIBALCOLLZZ_12_2021,179465.0878418602
AMBEIBALCOLLZZ_1_2022,59083.26781124114
AMBEIBALCOLLZZ_2_2022,77039.27643292006
AMBENORACIND_11_2021,503959.46524784697
AMBENORACIND_12_2021,605278.0903596341
AMBENORACIND_1_2022,303953.75359511474
AMBENORACIND_2_2022,332171.1378202715
ANHANHILSEZZ_11_2021,95453.58984438563
ANHANHILSEZZ_12_2021,72962.69106597401
ANHANHILSEZZ_1_2022,-18460.235553607592
ANHANHILSEZZ_2_2022,-19726.210159041133
ANHEENARUDOZZ_11_2021,-65.33011645605438
ANHEENARUDOZZ_12_2021,11696.77643725763
ANHEENARUDOZZ_1_2022,-8543.57259015931
ANHEENARUDOZZ_2_2022,-4171.498351200229
ANHMARXREENZZ_11_2021,190190.458922706
ANHMARXREENZZ_12_2021,208704.92191426776
ANHMARXREENZZ_1_2022,81654.18307615188
ANHMARXREENZZ_2_2022,76653.8092215018
ANIBAHAMKARR_11_2021,222019.32938065229
ANIBAHAMKARR_12_2021,293389.71392536844
ANIBAHAMKARR_1_2022,162237.27345480619
ANIBAHAMKARR_2_2022,123382.66693461612
ANIBETHAJULIZZ_11_2021,653933.9523258435
ANIBETHAJULIZZ_12_2021,380670.6733881227
ANIBETHAJULIZZ_1_2022,301436.1393659202
ANIBETHAJULIZZ_2_2022,291381.4276658757
ANIBHLIEKRISZZ_11_2021,241767.28069951918
ANIBHLIEKRISZZ_12_2021,203272.22936657505
ANIBHLIEKRISZZ_1_2022,110327.13844119542
ANIBHLIEKRISZZ_2_2022,138375.00903823075
ANIBJAYEGILDZZ_11_2021,247719.41533734187
ANIBJAYEGILDZZ_12_2021,221416.37669239088
ANIBJAYEGILDZZ_1_2022,100069.33175029386
ANIBJAYEGILDZZ_2_2022,108389.94272700512
ANIBLIAMMAXIZZ_11_2021,16664.932069369323
ANIBLIAMMAXIZZ_12_2021,6563.663415040475
ANIBLIAMMAXIZZ_1_2022,6886.292140058198
ANIBLIAMMAXIZZ_2_2022,14683.239459379049
ANIBMBERJULI_11_2021,127217.07627230299
ANIBMBERJULI_12_2021,118012.00712653762
ANIBMBERJULI_1_2022,10816.635862145731
ANIBMBERJULI_2_2022,14977.25518753369
ANIBNDISJAYEZZ_11_2021,90691.36513447725
ANIBNDISJAYEZZ_12_2021,85005.77961361993
ANIBNDISJAYEZZ_1_2022,26416.673711744188
ANIBNDISJAYEZZ_2_2022,17120.02524817606
ANIBOLPHREVAZZ_11_2021,28343.2647462752
ANIBOLPHREVAZZ_12_2021,26881.252608057657
ANIBOLPHREVAZZ_1_2022,5632.887122504431
ANIBOLPHREVAZZ_2_2022,8942.867506773102
ANIBREYCIND_11_2021,51519.21618361758
ANIBREYCIND_12_2021,47188.614695973534
ANIBREYCIND_1_2022,21800.449773759276
ANIBREYCIND_2_2022,27778.02148592839
ANTONOLAISAAZZ_11_2021,59399.958991929365
ANTONOLAISAAZZ_12_2021,31150.719886067636
ANTONOLAISAAZZ_1_2022,19751.061305273983
ANTONOLAISAAZZ_2_2022,-26625.831852598014
ANTOREYTHOR_11_2021,7424.459408187837
ANTOREYTHOR_12_2021,28959.68436791556
ANTOREYTHOR_1_2022,-2428.573376294298
ANTOREYTHOR_2_2022,3318.841429719403
ANTOROBLEAT_11_2021,173954.94375612226
ANTOROBLEAT_12_2021,166986.25462057846
ANTOROBLEAT_1_2022,75454.81457455289
ANTOROBLEAT_2_2022,81039.3399111289
ARLEAHAMALONZZ_11_2021,201730.3387562157
ARLEAHAMALONZZ_12_2021,189241.73823645848
ARLEAHAMALONZZ_1_2022,85333.89748652709
ARLEAHAMALONZZ_2_2022,100199.9610611617
ARLEARTWHITZZ_11_2021,138941.90950686927
ARLEARTWHITZZ_12_2021,138580.84603723366
ARLEARTWHITZZ_1_2022,37147.00202906432
ARLEARTWHITZZ_2_2022,37939.54651424878
ARLEENNYARTI_11_2021,13913.827493307585
ARLEENNYARTI_12_2021,24219.966179684598
ARLEENNYARTI_1_2022,32893.555145809005
ARLEENNYARTI_2_2022,15468.3452590262
ARLEETTAAURE_11_2021,1714873.6664811552
ARLEETTAAURE_12_2021,1781367.7365596427
ARLEETTAAURE_1_2022,836564.8440629423
ARLEETTAAURE_2_2022,906230.0761687879
ARLEMONDROSEZZ_11_2021,160541.06452880678
ARLEMONDROSEZZ_12_2021,152366.8317042619
ARLEMONDROSEZZ_1_2022,66836.44188981106
ARLEMONDROSEZZ_2_2022,60789.153485583374
ARLENARDLAKE_11_2021,638789.0933611104
ARLENARDLAKE_12_2021,536688.2837598459
ARLENARDLAKE_1_2022,358354.3318891048
ARLENARDLAKE_2_2022,254013.01848606308
ARLEOLPHWHITZZ_11_2021,355290.1834968621
ARLEOLPHWHITZZ_12_2021,368964.07916847285
ARLEOLPHWHITZZ_1_2022,142983.0587869067
ARLEOLPHWHITZZ_2_2022,176571.3397328767
ARLEOVANROBZZ_11_2021,135799.4840127658
ARLEOVANROBZZ_12_2021,113080.1391767908
ARLEOVANROBZZ_1_2022,68217.89536099679
ARLEOVANROBZZ_2_2022,50175.52538931017
ARLERTHAJAYEZZ_11_2021,13016.651892934206
ARLERTHAJAYEZZ_12_2021,18149.72786271367
ARLERTHAJAYEZZ_1_2022,9361.49991280384
ARLERTHAJAYEZZ_2_2022,2604.791279003457
ARLEZARORHEBZZ_11_2021,29697.592496938563
ARLEZARORHEBZZ_12_2021,28346.515236047653
ARLEZARORHEBZZ_1_2022,8152.453800389108
ARLEZARORHEBZZ_2_2022,16151.620330625887
ARMAICKIAUREZZ_11_2021,19388.40434487487
ARMAICKIAUREZZ_12_2021,19813.179765315566
ARMAICKIAUREZZ_1_2022,633.315106711656
ARMAICKIAUREZZ_2_2022,26280.634677512906
ARMASAACASHLZZ_11_2021,215888.7346244669
ARMASAACASHLZZ_12_2021,246806.75745233236
ARMASAACASHLZZ_1_2022,61612.58310870685
ARMASAACASHLZZ_2_2022,50477.49361846772
ARTALLYMITCZZ_11_2021,616192.5925246949
ARTALLYMITCZZ_12_2021,462357.3751856721
ARTALLYMITCZZ_1_2022,322133.9160627925
ARTALLYMITCZZ_2_2022,344302.8990664951
ARTETTAREEN_11_2021,179545.02980355982
ARTETTAREEN_12_2021,181745.1345187836
ARTETTAREEN_1_2022,105996.80541263724
ARTETTAREEN_2_2022,104535.36547021345
ARTIERINILSE_11_2021,923.1992333665657
ARTIERINILSE_12_2021,-1859.6880055008442
ARTIERINILSE_1_2022,-1454.4432827781966
ARTIERINILSE_2_2022,109.87852899400968
ARTILANDARTI_11_2021,1259501.7237186183
ARTILANDARTI_12_2021,1176949.897630789
ARTILANDARTI_1_2022,635124.5501288952
ARTILANDARTI_2_2022,607015.327402751
ARTIRANGELRO_11_2021,1349246.970544617
ARTIRANGELRO_12_2021,1496107.1508563345
ARTIRANGELRO_1_2022,444350.6932958602
ARTIRANGELRO_2_2022,562811.8258889554
ARTISAACMICH_11_2021,408235.4465664104
ARTISAACMICH_12_2021,468916.1794916995
ARTISAACMICH_1_2022,186555.46476516253
ARTISAACMICH_2_2022,198242.9711638393
ARTRENEWHIT_11_2021,85839.46026760929
ARTRENEWHIT_12_2021,84819.56332269456
ARTRENEWHIT_1_2022,46869.34200899614
ARTRENEWHIT_2_2022,49673.27337111958
ARVICHELPENNZZ_11_2021,400962.27657066373
ARVICHELPENNZZ_12_2021,372973.30846509314
ARVICHELPENNZZ_1_2022,289312.4316575613
ARVICHELPENNZZ_2_2022,172136.3564795074
ARVIUREAILEE_11_2021,935185.3883841062
ARVIUREAILEE_12_2021,887987.7556494143
ARVIUREAILEE_1_2022,595281.5941628311
ARVIUREAILEE_2_2022,619712.4774582433
ASHLALLYTRANZZ_11_2021,8666.135177334374
ASHLALLYTRANZZ_12_2021,13799.211147113818
ASHLALLYTRANZZ_1_2022,8562.62786181632
ASHLALLYTRANZZ_2_2022,1366.3010680718544
ASHLESHALAZA_11_2021,2134259.315475018
ASHLESHALAZA_12_2021,2099440.7695477903
ASHLESHALAZA_1_2022,995222.3702328376
ASHLESHALAZA_2_2022,1163605.950080931
ASHLNALDJULI_11_2021,261546.8629853919
ASHLNALDJULI_12_2021,295080.3582040792
ASHLNALDJULI_1_2022,296718.7863682904
ASHLNALDJULI_2_2022,243383.72787479477
ASHLTLEYNOLAZZ_11_2021,208877.84606129868
ASHLTLEYNOLAZZ_12_2021,168340.3358997333
ASHLTLEYNOLAZZ_1_2022,68443.80955572105
ASHLTLEYNOLAZZ_2_2022,68203.16723577424
AUREJENELAKEZZ_11_2021,553885.5446936919
AUREJENELAKEZZ_12_2021,562877.5888639347
AUREJENELAKEZZ_1_2022,304756.5859639937
AUREJENELAKEZZ_2_2022,309316.9584605547
AURENOLASAMA_11_2021,57145.28215087867
AURENOLASAMA_12_2021,78287.71702507402
AURENOLASAMA_1_2022,10063.623069545865
AURENOLASAMA_2_2022,28433.722655405618
AUREOLPHNOVEZZ_11_2021,46842.99505621672
AUREOLPHNOVEZZ_12_2021,73194.19272311279
AUREOLPHNOVEZZ_1_2022,40856.91730012349
AUREOLPHNOVEZZ_2_2022,48401.958156252025
AURESAACDONOZZ_11_2021,288970.7665767155
AURESAACDONOZZ_12_2021,277038.84220730205
AURESAACDONOZZ_1_2022,160894.15349695046
AURESAACDONOZZ_2_2022,160672.4398178104
BRITABEREEN_11_2021,37300.90599551958
BRITABEREEN_12_2021,163144.46202875453
BRITABEREEN_1_2022,93182.79892979864
BRITABEREEN_2_2022,76999.02848922746
BRITEIDALAKE_11_2021,653532.1113015775
BRITEIDALAKE_12_2021,641459.6128498643
BRITEIDALAKE_1_2022,151629.50256131982
BRITEIDALAKE_2_2022,116594.11497697092
BRITERINDESM_11_2021,1253136.7304695046
BRITERINDESM_12_2021,1370411.4419613455
BRITERINDESM_1_2022,555304.3111420856
BRITERINDESM_2_2022,701166.7035685757
BRITLINAILSEZZ_11_2021,74794.80183198475
BRITLINAILSEZZ_12_2021,95131.00690684638
BRITLINAILSEZZ_1_2022,-6863.84013957229
BRITLINAILSEZZ_2_2022,-18206.28300673676
BRITNARDONEI_11_2021,135310.948758007
BRITNARDONEI_12_2021,158159.5789629323
BRITNARDONEI_1_2022,59035.68938701844
BRITNARDONEI_2_2022,62536.9084279447
BRITRYNERUBYZZ_11_2021,517216.85220006946
BRITRYNERUBYZZ_12_2021,400476.1609443548
BRITRYNERUBYZZ_1_2022,257010.8887247694
BRITRYNERUBYZZ_2_2022,266904.56220095395
BRITTINERUTH_11_2021,290337.29597547423
BRITTINERUTH_12_2021,250884.3439304803
BRITTINERUTH_1_2022,108583.79816726541
BRITTINERUTH_2_2022,182444.7106157451
CANDENNEARTIZZ_11_2021,269609.18706019217
CANDENNEARTIZZ_12_2021,252331.84898373677
CANDENNEARTIZZ_1_2022,1200.7021723568796
CANDENNEARTIZZ_2_2022,15694.706446533206
CANDETTEMAXIZZ_11_2021,13163.975034570512
CANDETTEMAXIZZ_12_2021,21819.5913330373
CANDETTEMAXIZZ_1_2022,2078.691598111538
CANDETTEMAXIZZ_2_2022,2848.9799792445265
CARLERINCINDZZ_11_2021,-3042.6226782638187
CARLERINCINDZZ_12_2021,1065.5198859839875
CARLERINCINDZZ_1_2022,-2885.3539009271008
CARLERINCINDZZ_2_2022,-1993.6289955560605
CARLLEENGRAH_11_2021,437079.99865375936
CARLLEENGRAH_12_2021,531035.2477215432
CARLLEENGRAH_1_2022,198194.99981621487
CARLLEENGRAH_2_2022,161067.039177454
CARLRICKLAKEZZ_11_2021,323469.51695720735
CARLRICKLAKEZZ_12_2021,362678.96035888756
CARLRICKLAKEZZ_1_2022,100429.01995943362
CARLRICKLAKEZZ_2_2022,123190.2601462361
CARLTINEHAL_11_2021,1505703.2307425835
CARLTINEHAL_12_2021,1626852.7722541182
CARLTINEHAL_1_2022,749349.4663674906
CARLTINEHAL_2_2022,892632.9965454938
CARLUANEMITCZZ_11_2021,83765.1887545705
CARLUANEMITCZZ_12_2021,89170.65549281974
CARLUANEMITCZZ_1_2022,29976.99890197725
CARLUANEMITCZZ_2_2022,43983.02419313509
CARLUTHEGILD_11_2021,30091.157690460026
CARLUTHEGILD_12_2021,28814.75728783148
CARLUTHEGILD_1_2022,5490.921607660301
CARLUTHEGILD_2_2022,13933.721107687183
CATHHALREYZZ_11_2021,1117.246690757016
CATHHALREYZZ_12_2021,1129.5927025063284
CATHHALREYZZ_1_2022,1003.4365032253045
CATHHALREYZZ_2_2022,996.2365101222131
CATHROBARTZZ_11_2021,213755.09248391094
CATHROBARTZZ_12_2021,193005.0154839356
CATHROBARTZZ_1_2022,82294.64554687304
CATHROBARTZZ_2_2022,88176.70545114584
CINDIBALDONOZZ_11_2021,159601.06846739037
CINDIBALDONOZZ_12_2021,147944.0119473902
CINDIBALDONOZZ_1_2022,154865.68057708992
CINDIBALDONOZZ_2_2022,94967.66513144952
CINDLEENMICH_11_2021,814887.3170348059
CINDLEENMICH_12_2021,814375.2277961131
CINDLEENMICH_1_2022,430801.9096382204
CINDLEENMICH_2_2022,502376.2601511293
CINDLINARIGO_11_2021,1056443.467086222
CINDLINARIGO_12_2021,1019005.3334065272
CINDLINARIGO_1_2022,476092.7477483135
CINDLINARIGO_2_2022,519851.0714181346
CINDTNEYKRIS_11_2021,413892.7956863057
CINDTNEYKRIS_12_2021,567812.2428896951
CINDTNEYKRIS_1_2022,266330.0245989824
CINDTNEYKRIS_2_2022,258495.64054411778
CINDUANESUDIZZ_11_2021,387792.494988863
CINDUANESUDIZZ_12_2021,373760.5142268634
CINDUANESUDIZZ_1_2022,196405.76668040047
CINDUANESUDIZZ_2_2022,153165.477565533
COLLHLIEYOSHZZ_11_2021,114693.56757276897
COLLHLIEYOSHZZ_12_2021,118356.07956132939
COLLHLIEYOSHZZ_1_2022,75454.60935816461
COLLHLIEYOSHZZ_2_2022,30833.083730918872
COLLILSELARI_11_2021,172086.78200242805
COLLILSELARI_12_2021,139984.9233770182
COLLILSELARI_1_2022,89608.3500191214
COLLILSELARI_2_2022,110674.55915772835
CORELANDGILD_11_2021,42992.828922863424
CORELANDGILD_12_2021,32103.12357717839
CORELANDGILD_1_2022,11650.723061331175
CORELANDGILD_2_2022,19867.86976884391
DESMHEBAJAYEZZ_11_2021,344707.4917834278
DESMHEBAJAYEZZ_12_2021,334245.7198787641
DESMHEBAJAYEZZ_1_2022,182404.09742670372
DESMHEBAJAYEZZ_2_2022,113395.80979044196
DESMHORASUDIZZ_11_2021,286010.11406241124
DESMHORASUDIZZ_12_2021,294345.05944102694
DESMHORASUDIZZ_1_2022,147388.348008451
DESMHORASUDIZZ_2_2022,153510.81274332694
DESMSHIAASHLZZ_11_2021,273107.43114303343
DESMSHIAASHLZZ_12_2021,172723.15257517115
DESMSHIAASHLZZ_1_2022,170078.49746601362
DESMSHIAASHLZZ_2_2022,149708.49333552163
DONAAHAMRHEBZZ_11_2021,1475.1783541469558
DONAAHAMRHEBZZ_12_2021,4849.9315874973945
DONAAHAMRHEBZZ_1_2022,6203.050699427193
DONAAHAMRHEBZZ_2_2022,3382.5620382431407
DONAMARXJAYE_11_2021,32063.255741397177
DONAMARXJAYE_12_2021,34489.511141803094
DONAMARXJAYE_1_2022,-2095.906955758306
DONAMARXJAYE_2_2022,456.3620056133768
DONARANGAURE_11_2021,1098785.5409719914
DONARANGAURE_12_2021,996903.2023992406
DONARANGAURE_1_2022,480986.07493198465
DONARANGAURE_2_2022,473089.7233457569
DONARUBYLARIZZ_11_2021,44173.19686399105
DONARUBYLARIZZ_12_2021,30821.49846900042
DONARUBYLARIZZ_1_2022,9448.321190256782
DONARUBYLARIZZ_2_2022,16852.875469399394
DONASAACHOWAZZ_11_2021,523892.6093126668
DONASAACHOWAZZ_12_2021,467613.21905956254
DONASAACHOWAZZ_1_2022,456835.81051775813
DONASAACHOWAZZ_2_2022,293135.6921830958
DONOANHANH_11_2021,255267.2430469799
DONOANHANH_12_2021,249976.69295907873
DONOANHANH_1_2022,117279.71190508333
DONOANHANH_2_2022,70463.26488621274
DONOHANGREVAZZ_11_2021,216370.1807353854
DONOHANGREVAZZ_12_2021,212095.3056310658
DONOHANGREVAZZ_1_2022,69393.45000742808
DONOHANGREVAZZ_2_2022,74308.83840164037
DONOLIAMMAXI_11_2021,177839.91657246862
DONOLIAMMAXI_12_2021,177617.90387533873
DONOLIAMMAXI_1_2022,151012.63753410126
DONOLIAMMAXI_2_2022,195619.94703264875
DONONALDTERRZZ_11_2021,248406.42225999542
DONONALDTERRZZ_12_2021,254185.66115747573
DONONALDTERRZZ_1_2022,185031.79226410494
DONONALDTERRZZ_2_2022,125604.86360247861
DONOOLPHJULIZZ_11_2021,9300.441528744315
DONOOLPHJULIZZ_12_2021,25158.162451854714
DONOOLPHJULIZZ_1_2022,11604.088192657086
DONOOLPHJULIZZ_2_2022,7932.154791518178
DONOUDIEHANGZZ_11_2021,304947.90296135616
DONOUDIEHANGZZ_12_2021,298036.9552090148
DONOUDIEHANGZZ_1_2022,150094.3095083948
DONOUDIEHANGZZ_2_2022,136179.3590704865
DORERYNEBRITZZ_11_2021,307745.792522571
DORERYNEBRITZZ_12_2021,290510.6566968089
DORERYNEBRITZZ_1_2022,139333.54619869427
DORERYNEBRITZZ_2_2022,138985.3920610507
DORESAACARMAZZ_11_2021,50823.73932588911
DORESAACARMAZZ_12_2021,38763.6709959158
DORESAACARMAZZ_1_2022,17823.831788812564
DORESAACARMAZZ_2_2022,19798.468459081367
DORESHIAILEEZZ_11_2021,543924.3262475331
DORESHIAILEEZZ_12_2021,455310.75516867684
DORESHIAILEEZZ_1_2022,305041.393899921
DORESHIAILEEZZ_2_2022,330542.3396101971
DUANCHELBRITZZ_11_2021,174818.80149207223
DUANCHELBRITZZ_12_2021,179057.93093787564
DUANCHELBRITZZ_1_2022,58594.70082894065
DUANCHELBRITZZ_2_2022,73217.06076704366
DUANIBALREENZZ_11_2021,92007.70613229269
DUANIBALREENZZ_12_2021,75636.13049727111
DUANIBALREENZZ_1_2022,-6857.253440076256
DUANIBALREENZZ_2_2022,-15102.802701600129
ELIZHLIEAURE_11_2021,2986.4205722419138
ELIZHLIEAURE_12_2021,19808.059583310398
ELIZHLIEAURE_1_2022,-14070.691022123894
ELIZHLIEAURE_2_2022,-9839.224733675033
ELIZJAYETHOR_11_2021,200987.86820267502
ELIZJAYETHOR_12_2021,280314.50272817444
ELIZJAYETHOR_1_2022,72823.92963569022
ELIZJAYETHOR_2_2022,155530.53835368046
ELIZKEVACARL_11_2021,985321.0830287304
ELIZKEVACARL_12_2021,1127312.7262865107
ELIZKEVACARL_1_2022,517659.8038992122
ELIZKEVACARL_2_2022,560910.6466464016
ELLYEDESGILDZZ_11_2021,34575.27224323132
ELLYEDESGILDZZ_12_2021,29759.209215515424
ELLYEDESGILDZZ_1_2022,41130.15813263766
ELLYEDESGILDZZ_2_2022,22076.38967834044
ELLYGRIDMICH_11_2021,1008044.7846054364
ELLYGRIDMICH_12_2021,1032562.8427617787
ELLYGRIDMICH_1_2022,553009.0897740466
ELLYGRIDMICH_2_2022,636277.8367609591
ELLYILSEJULIZZ_11_2021,156745.4277327134
ELLYILSEJULIZZ_12_2021,135595.3797938279
ELLYILSEJULIZZ_1_2022,80064.46455587381
ELLYILSEJULIZZ_2_2022,84664.52619528864
ELROLEENHALZZ_11_2021,326107.3046771828
ELROLEENHALZZ_12_2021,339965.887694307
ELROLEENHALZZ_1_2022,122822.70629284537
ELROLEENHALZZ_2_2022,95581.22362881791
ELROOVANRIGOZZ_11_2021,45818.50099027234
ELROOVANRIGOZZ_12_2021,33872.305647548375
ELROOVANRIGOZZ_1_2022,-2480.5937135472923
ELROOVANRIGOZZ_2_2022,7709.084840329146
ERICABERUDOZZ_11_2021,504249.6349649343
ERICABERUDOZZ_12_2021,536443.1636021754
ERICABERUDOZZ_1_2022,374102.50640820904
ERICABERUDOZZ_2_2022,294038.71487776213
ERICAHAMJULI_11_2021,361736.42838000006
ERICAHAMJULI_12_2021,331565.05414410506
ERICAHAMJULI_1_2022,87890.2895563307
ERICAHAMJULI_2_2022,97524.52495753253
ERICERTOGRAHZZ_11_2021,247088.08615013742
ERICERTOGRAHZZ_12_2021,192965.23366844188
ERICERTOGRAHZZ_1_2022,114396.58704035092
ERICERTOGRAHZZ_2_2022,94951.46366593835
ERICILSEWALL_11_2021,971951.0518654612
ERICILSEWALL_12_2021,958805.7879038168
ERICILSEWALL_1_2022,443172.4342514803
ERICILSEWALL_2_2022,519532.7590750865
ERICJENEERICZZ_11_2021,118156.63838477596
ERICJENEERICZZ_12_2021,110024.71064224203
ERICJENEERICZZ_1_2022,67837.53470252345
ERICJENEERICZZ_2_2022,80285.25650119847
ERICRICKPAMU_11_2021,1492183.3454234954
ERICRICKPAMU_12_2021,1337522.001926379
ERICRICKPAMU_1_2022,563868.2047063371
ERICRICKPAMU_2_2022,632183.6788910683
ERICXIMOALBEZZ_11_2021,227836.86890134733
ERICXIMOALBEZZ_12_2021,281682.73163999035
ERICXIMOALBEZZ_1_2022,142332.7373674903
ERICXIMOALBEZZ_2_2022,131659.99244735396
ETHAEENAARTIZZ_11_2021,24049.12529666331
ETHAEENAARTIZZ_12_2021,18291.478922199334
ETHAEENAARTIZZ_1_2022,7362.9472594840845
ETHAEENAARTIZZ_2_2022,2991.394064755099
ETHAHALMARXZZ_11_2021,670958.1444390975
ETHAHALMARXZZ_12_2021,767701.7801551803
ETHAHALMARXZZ_1_2022,318231.1715835307
ETHAHALMARXZZ_2_2022,375458.0369917658
ETHAICKIDONOZZ_11_2021,8380.478001134705
ETHAICKIDONOZZ_12_2021,21598.500335410055
ETHAICKIDONOZZ_1_2022,30016.033088105905
ETHAICKIDONOZZ_2_2022,30848.539924203647
ETHAICKIISAAZZ_11_2021,12206.692825065638
ETHAICKIISAAZZ_12_2021,15831.069416627757
ETHAICKIISAAZZ_1_2022,7396.004195726262
ETHAICKIISAAZZ_2_2022,11441.929434803023
ETHAKEVASHER_11_2021,717056.8690871049
ETHAKEVASHER_12_2021,418513.32181118196
ETHAKEVASHER_1_2022,135726.65148133287
ETHAKEVASHER_2_2022,199541.7867400065
ETHAMULABRITZZ_11_2021,75558.47250662418
ETHAMULABRITZZ_12_2021,78480.98481578709
ETHAMULABRITZZ_1_2022,4446.030457380391
ETHAMULABRITZZ_2_2022,3921.3405152159503
ETHATLYNMAYNZZ_11_2021,230844.2482389119
ETHATLYNMAYNZZ_12_2021,254726.40295167797
ETHATLYNMAYNZZ_1_2022,116561.3534186757
ETHATLYNMAYNZZ_2_2022,112229.89498506636
GILDAHAMISAAZZ_11_2021,12045.566479838144
GILDAHAMISAAZZ_12_2021,14214.804239416933
GILDAHAMISAAZZ_1_2022,1053.0854052212562
GILDAHAMISAAZZ_2_2022,22613.00098607057
GILDANHLYNE_11_2021,121632.61537458935
GILDANHLYNE_12_2021,145199.56370185426
GILDANHLYNE_1_2022,32196.407832003388
GILDANHLYNE_2_2022,40603.847416363424
GILDESHAPENN_11_2021,64410.66941087366
GILDESHAPENN_12_2021,71137.88149463673
GILDESHAPENN_1_2022,13667.544600458259
GILDESHAPENN_2_2022,32519.612596019724
GILDMONDLILLZZ_11_2021,144784.55633563982
GILDMONDLILLZZ_12_2021,146662.82082726446
GILDMONDLILLZZ_1_2022,47756.764350814105
GILDMONDLILLZZ_2_2022,29862.680902808435
GILDOLPHKAIT_11_2021,1617740.154729521
GILDOLPHKAIT_12_2021,1602147.286290818
GILDOLPHKAIT_1_2022,697698.1906304262
GILDOLPHKAIT_2_2022,709003.6175665972
GILDTNEYVICTZZ_11_2021,18387.496246141327
GILDTNEYVICTZZ_12_2021,5485.711869005489
GILDTNEYVICTZZ_1_2022,7057.358951506041
GILDTNEYVICTZZ_2_2022,19016.5895944171
GILDUANEHAL_11_2021,33544.585648838416
GILDUANEHAL_12_2021,45420.20473913876
GILDUANEHAL_1_2022,-11972.82729597816
GILDUANEHAL_2_2022,16862.26053801645
GRAHLONARUTH_11_2021,26331.28274672718
GRAHLONARUTH_12_2021,28506.598024197403
GRAHLONARUTH_1_2022,21514.174296522946
GRAHLONARUTH_2_2022,4584.178650794012
GRAHZAROONEIZZ_11_2021,227162.53817552974
GRAHZAROONEIZZ_12_2021,252355.42713194218
GRAHZAROONEIZZ_1_2022,43729.592925006466
GRAHZAROONEIZZ_2_2022,7150.4876935022
HALANNACOREZZ_11_2021,805517.5299997792
HALANNACOREZZ_12_2021,554165.4305894654
HALANNACOREZZ_1_2022,395802.5367692347
HALANNACOREZZ_2_2022,371780.52552108193
HALARLACATHZZ_11_2021,113738.08672687048
HALARLACATHZZ_12_2021,115965.87155598386
HALARLACATHZZ_1_2022,14377.558822844947
HALARLACATHZZ_2_2022,22412.220250188122
HALEENAKAIT_11_2021,1031466.8128608906
HALEENAKAIT_12_2021,1075680.186161047
HALEENAKAIT_1_2022,536421.4986635167
HALEENAKAIT_2_2022,560135.9125895812
HALGRIDKEVA_11_2021,399395.5169808464
HALGRIDKEVA_12_2021,434640.4336816406
HALGRIDKEVA_1_2022,245084.25295057546
HALGRIDKEVA_2_2022,230543.19942173685
HALRRONARLE_11_2021,1171412.5268095124
HALRRONARLE_12_2021,1133221.4559857221
HALRRONARLE_1_2022,537622.1845417207
HALRRONARLE_2_2022,536360.8177420958
HARLETTEANTO_11_2021,1453878.6531346587
HARLETTEANTO_12_2021,1362674.346940344
HARLETTEANTO_1_2022,637865.2506685624
HARLETTEANTO_2_2022,692632.7495287467
HARLKEVAMICHZZ_11_2021,238059.36162539176
HARLKEVAMICHZZ_12_2021,251308.75625881297
HARLKEVAMICHZZ_1_2022,43017.16296158379
HARLKEVAMICHZZ_2_2022,44826.80778215725
HARLTTNYSIGR_11_2021,1163865.3357633776
HARLTTNYSIGR_12_2021,1410418.735814444
HARLTTNYSIGR_1_2022,568908.9850479926
HARLTTNYSIGR_2_2022,634652.7386332797
HARLZAROSUNDZZ_11_2021,302486.8491194929
HARLZAROSUNDZZ_12_2021,301423.3013465376
HARLZAROSUNDZZ_1_2022,124548.39489154023
HARLZAROSUNDZZ_2_2022,129871.980032603
HOWAALLYDONAZZ_11_2021,707901.0556636921
HOWAALLYDONAZZ_12_2021,694628.5865861892
HOWAALLYDONAZZ_1_2022,660611.9651040229
HOWAALLYDONAZZ_2_2022,356578.830992238
HOWAALLYLAZAZZ_11_2021,29030.57139108286
HOWAALLYLAZAZZ_12_2021,40374.259212174395
HOWAALLYLAZAZZ_1_2022,35506.9213693945
HOWAALLYLAZAZZ_2_2022,18411.215724160007
HOWAESHADORE_11_2021,782272.1863212881
HOWAESHADORE_12_2021,838183.8321708508
HOWAESHADORE_1_2022,370438.30988604657
HOWAESHADORE_2_2022,340913.80817329866
HOWAREYASHLZZ_11_2021,284584.08236239885
HOWAREYASHLZZ_12_2021,283216.0295663695
HOWAREYASHLZZ_1_2022,128301.29565628943
HOWAREYASHLZZ_2_2022,135447.79292152694
HOWARUBYJAYEZZ_11_2021,20884.86045541276
HOWARUBYJAYEZZ_12_2021,28370.617923699017
HOWARUBYJAYEZZ_1_2022,8710.638011753263
HOWARUBYJAYEZZ_2_2022,10120.262036963171
HOWAUREAJULIZZ_11_2021,31159.943849981668
HOWAUREAJULIZZ_12_2021,31165.406782557722
HOWAUREAJULIZZ_1_2022,-3356.646064191733
HOWAUREAJULIZZ_2_2022,6809.292977580515
ILEEALLYMALIZZ_11_2021,450149.37066674064
ILEEALLYMALIZZ_12_2021,437300.9144815933
ILEEALLYMALIZZ_1_2022,347182.89197493077
ILEEALLYMALIZZ_2_2022,293217.0339160324
ILEEHANGRUDOZZ_11_2021,122696.24641609422
ILEEHANGRUDOZZ_12_2021,90128.68032023177
ILEEHANGRUDOZZ_1_2022,35118.660136152415
ILEEHANGRUDOZZ_2_2022,59138.20399254699
ILEELENESUND_11_2021,75589.54527230418
ILEELENESUND_12_2021,97600.80805760277
ILEELENESUND_1_2022,39159.49939593809
ILEELENESUND_2_2022,63578.268785582215
ILEEOVANNOLAZZ_11_2021,51532.79351102817
ILEEOVANNOLAZZ_12_2021,53029.07823028434
ILEEOVANNOLAZZ_1_2022,51315.65918713716
ILEEOVANNOLAZZ_2_2022,16061.470396756082
ILSEILDAKEVAZZ_11_2021,5252.944969631477
ILSEILDAKEVAZZ_12_2021,25107.153226208546
ILSEILDAKEVAZZ_1_2022,354.9767990119035
ILSEILDAKEVAZZ_2_2022,1545.7141368303965
ILSELINAABEZZ_11_2021,27016.398423074206
ILSELINAABEZZ_12_2021,30582.38559684671
ILSELINAABEZZ_1_2022,4962.343997770309
ILSELINAABEZZ_2_2022,12454.675434489369
ILSERISAELIZ_11_2021,921256.8671274956
ILSERISAELIZ_12_2021,918963.529663179
ILSERISAELIZ_1_2022,452892.31521211023
ILSERISAELIZ_2_2022,477564.97172171023
ISAAANNAJULIZZ_11_2021,6763.103314298818
ISAAANNAJULIZZ_12_2021,35434.85210890441
ISAAANNAJULIZZ_1_2022,-1947.278172330698
ISAAANNAJULIZZ_2_2022,2031.028386822778
ISAALEENREVA_11_2021,405987.7814669265
ISAALEENREVA_12_2021,503922.7349511775
ISAALEENREVA_1_2022,191525.27909112556
ISAALEENREVA_2_2022,243670.57334702148
ISAALIANONEIZZ_11_2021,33294.929602539785
ISAALIANONEIZZ_12_2021,25280.709860102048
ISAALIANONEIZZ_1_2022,16305.493020509331
ISAALIANONEIZZ_2_2022,18866.457737130964
ISAAMULAMALIZZ_11_2021,184494.42719934488
ISAAMULAMALIZZ_12_2021,142851.18934449996
ISAAMULAMALIZZ_1_2022,110626.26824918852
ISAAMULAMALIZZ_2_2022,102601.35033704704
ISAARICKRHEB_11_2021,404922.4376219905
ISAARICKRHEB_12_2021,454208.0796814645
ISAARICKRHEB_1_2022,319831.98199187743
ISAARICKRHEB_2_2022,365467.47981984116
JAYEHALARLEZZ_11_2021,234101.61886295563
JAYEHALARLEZZ_12_2021,253656.74945300925
JAYEHALARLEZZ_1_2022,116084.96893991811
JAYEHALARLEZZ_2_2022,123692.74386251661
JAYEMARXAUREZZ_11_2021,184850.31632351264
JAYEMARXAUREZZ_12_2021,165127.69144930312
JAYEMARXAUREZZ_1_2022,82374.74502759476
JAYEMARXAUREZZ_2_2022,99210.32626519218
JAYEMONDROSE_11_2021,850286.8648976656
JAYEMONDROSE_12_2021,787017.3244813724
JAYEMONDROSE_1_2022,379194.2084867831
JAYEMONDROSE_2_2022,423552.7577173254
JAYESAACRUTH_11_2021,229787.66631171232
JAYESAACRUTH_12_2021,258733.92267741612
JAYESAACRUTH_1_2022,89120.28221820775
JAYESAACRUTH_2_2022,79878.41136668318
JEANAHAMJAYEZZ_11_2021,45597.879292694735
JEANAHAMJAYEZZ_12_2021,71698.40477879555
JEANAHAMJAYEZZ_1_2022,19096.78514133286
JEANAHAMJAYEZZ_2_2022,28191.44083188776
JEANERTOHALZZ_11_2021,388292.46798186
JEANERTOHALZZ_12_2021,412463.75155774754
JEANERTOHALZZ_1_2022,203050.82250185916
JEANERTOHALZZ_2_2022,242270.43148582496
JEANOVANMICHZZ_11_2021,339311.5978310505
JEANOVANMICHZZ_12_2021,336969.34858665935
JEANOVANMICHZZ_1_2022,318960.22870278615
JEANOVANMICHZZ_2_2022,259200.84371027167
JEANVETARICKZZ_11_2021,724000.3360810112
JEANVETARICKZZ_12_2021,620623.4102887195
JEANVETARICKZZ_1_2022,413313.58332781214
JEANVETARICKZZ_2_2022,460464.88924784097
JENEMBERYOSHZZ_11_2021,276801.0661875244
JENEMBERYOSHZZ_12_2021,235678.214404105
JENEMBERYOSHZZ_1_2022,155296.5043945155
JENEMBERYOSHZZ_2_2022,146719.86494719126
JULIERINKARRZZ_11_2021,461446.56362336053
JULIERINKARRZZ_12_2021,447268.0318496741
JULIERINKARRZZ_1_2022,313766.76511997526
JULIERINKARRZZ_2_2022,252825.6245807202
JULIETTEAURE_11_2021,369190.449924842
JULIETTEAURE_12_2021,475141.5296638386
JULIETTEAURE_1_2022,220837.8842836718
JULIETTEAURE_2_2022,248000.01688229296
JULIINDIGILDZZ_11_2021,55131.09790205525
JULIINDIGILDZZ_12_2021,70258.58634219758
JULIINDIGILDZZ_1_2022,10309.941292755817
JULIINDIGILDZZ_2_2022,18958.09439490336
JULILIANANHZZ_11_2021,344493.87542969553
JULILIANANHZZ_12_2021,309083.8022959756
JULILIANANHZZ_1_2022,134965.762630969
JULILIANANHZZ_2_2022,162183.77375541464
KAITINDAJULI_11_2021,379376.7419955592
KAITINDAJULI_12_2021,336403.1998673488
KAITINDAJULI_1_2022,222468.7272235866
KAITINDAJULI_2_2022,226858.43721295337
KAITVETADUANZZ_11_2021,18718.395411895897
KAITVETADUANZZ_12_2021,10057.633650570853
KAITVETADUANZZ_1_2022,3580.127973942759
KAITVETADUANZZ_2_2022,2110.4219074155735
KARRAHAMDONA_11_2021,363987.72367771796
KARRAHAMDONA_12_2021,411874.72844478145
KARRAHAMDONA_1_2022,132417.9437248862
KARRAHAMDONA_2_2022,185344.14515544096
KARRKEVAJEANZZ_11_2021,229535.4257636563
KARRKEVAJEANZZ_12_2021,235533.9488374607
KARRKEVAJEANZZ_1_2022,196872.4058534755
KARRKEVAJEANZZ_2_2022,166215.3110691598
KARRLENETRANZZ_11_2021,27004.474624141854
KARRLENETRANZZ_12_2021,25429.64199526573
KARRLENETRANZZ_1_2022,4156.469686927423
KARRLENETRANZZ_2_2022,6158.423444322674
KARROLPHLILL_11_2021,382276.0663198827
KARROLPHLILL_12_2021,494398.8227004876
KARROLPHLILL_1_2022,204275.56307372276
KARROLPHLILL_2_2022,202284.10215725188
KARRVETARUBY_11_2021,1094341.230918144
KARRVETARUBY_12_2021,1122359.7136740338
KARRVETARUBY_1_2022,595249.0597403027
KARRVETARUBY_2_2022,555634.0483979826
KARRXIMONOLAZZ_11_2021,270194.34875928285
KARRXIMONOLAZZ_12_2021,230316.26092178377
KARRXIMONOLAZZ_1_2022,173888.50883472606
KARRXIMONOLAZZ_2_2022,87019.22903253033
KATHABEMERC_11_2021,33902.41841003606
KATHABEMERC_12_2021,31327.010030801554
KATHABEMERC_1_2022,16487.177205859793
KATHABEMERC_2_2022,8918.072094703997
KATHEDESANTOZZ_11_2021,120232.00550559562
KATHEDESANTOZZ_12_2021,151299.84233016183
KATHEDESANTOZZ_1_2022,75805.6648465385
KATHEDESANTOZZ_2_2022,66148.79094642647
KATHTNEYMICH_11_2021,34640.23932388241
KATHTNEYMICH_12_2021,35465.204708222926
KATHTNEYMICH_1_2022,11410.769503508325
KATHTNEYMICH_2_2022,15842.88295908043
KEVALIZAARTIZZ_11_2021,38932.252517988025
KEVALIZAARTIZZ_12_2021,26594.9068743582
KEVALIZAARTIZZ_1_2022,2003.9364878956876
KEVALIZAARTIZZ_2_2022,6901.707324359124
KEVAROBRIGO_11_2021,47759.866321523914
KEVAROBRIGO_12_2021,53471.43958430443
KEVAROBRIGO_1_2022,-2980.9788422206257
KEVAROBRIGO_2_2022,11983.310558181605
KEVASHIEMARX_11_2021,422959.1764951684
KEVASHIEMARX_12_2021,492316.45200272364
KEVASHIEMARX_1_2022,275903.6637119675
KEVASHIEMARX_2_2022,308768.67051132297
KRISARTRHEBZZ_11_2021,334527.43766168825
KRISARTRHEBZZ_12_2021,338099.84820439544
KRISARTRHEBZZ_1_2022,298459.3957621936
KRISARTRHEBZZ_2_2022,225897.85412203943
KRISRRIEHAL_11_2021,231696.84659037337
KRISRRIEHAL_12_2021,241937.97142262553
KRISRRIEHAL_1_2022,39256.88334344713
KRISRRIEHAL_2_2022,26617.03080339385
LAKEATHAARTIZZ_11_2021,245024.99160903148
LAKEATHAARTIZZ_12_2021,223408.70547643083
LAKEATHAARTIZZ_1_2022,94075.39383579517
LAKEATHAARTIZZ_2_2022,87365.74515206921
LAKEHORAARLEZZ_11_2021,295497.1943682584
LAKEHORAARLEZZ_12_2021,266343.2382628956
LAKEHORAARLEZZ_1_2022,167041.41465251494
LAKEHORAARLEZZ_2_2022,178890.93079448288
LAKEMARXELLY_11_2021,331236.64086750493
LAKEMARXELLY_12_2021,338825.93553477986
LAKEMARXELLY_1_2022,90826.64150497378
LAKEMARXELLY_2_2022,105663.87243014389
LAKENDAYRICK_11_2021,822628.5540362677
LAKENDAYRICK_12_2021,879353.3320313334
LAKENDAYRICK_1_2022,420869.18035255023
LAKENDAYRICK_2_2022,458103.6100664317
LAKENDISHANGZZ_11_2021,214351.62326721067
LAKENDISHANGZZ_12_2021,165510.43392713796
LAKENDISHANGZZ_1_2022,82604.345532007
LAKENDISHANGZZ_2_2022,69456.5768850031
LAKERENERHEBZZ_11_2021,74896.2736341891
LAKERENERHEBZZ_12_2021,117333.62464159036
LAKERENERHEBZZ_1_2022,16715.92732343293
LAKERENERHEBZZ_2_2022,19971.704524850178
LARIETTAMALIZZ_11_2021,-8167.841076013836
LARIETTAMALIZZ_12_2021,3312.6879943314816
LARIETTAMALIZZ_1_2022,6467.736413859588
LARIETTAMALIZZ_2_2022,1418.9637840055184
LARIICKILAKEZZ_11_2021,9794.588693936937
LARIICKILAKEZZ_12_2021,4150.296919808683
LARIICKILAKEZZ_1_2022,-7256.119340097925
LARIICKILAKEZZ_2_2022,-3302.041311857527
LARILENEWHIT_11_2021,16906.57348175326
LARILENEWHIT_12_2021,23301.328948215596
LARILENEWHIT_1_2022,15723.725782463549
LARILENEWHIT_2_2022,8007.932683747895
LARINARDJULIZZ_11_2021,466417.7193572688
LARINARDJULIZZ_12_2021,394559.2091181487
LARINARDJULIZZ_1_2022,211508.18124324593
LARINARDJULIZZ_2_2022,153163.86101003177
LARIONIODONO_11_2021,1522456.0341967742
LARIONIODONO_12_2021,1702176.7079287623
LARIONIODONO_1_2022,658169.4432921562
LARIONIODONO_2_2022,787271.9343899173
LAVEETTEBRIT_11_2021,215168.3625733288
LAVEETTEBRIT_12_2021,168219.82428888622
LAVEETTEBRIT_1_2022,145354.40727191494
LAVEETTEBRIT_2_2022,147734.7827192833
LAVEHALARLEZZ_11_2021,50300.5992097901
LAVEHALARLEZZ_12_2021,64855.8395318277
LAVEHALARLEZZ_1_2022,8059.563979928291
LAVEHALARLEZZ_2_2022,21440.266394991486
LAVELEENKRISZZ_11_2021,249255.18123306427
LAVELEENKRISZZ_12_2021,288701.70972813363
LAVELEENKRISZZ_1_2022,143041.65248361375
LAVELEENKRISZZ_2_2022,109730.93331352757
LAVENORAKAIT_11_2021,-9863.417665617046
LAVENORAKAIT_12_2021,26875.964556275154
LAVENORAKAIT_1_2022,-21331.293430339894
LAVENORAKAIT_2_2022,-20767.65555495178
LAVEORIARUBYZZ_11_2021,38180.35655175201
LAVEORIARUBYZZ_12_2021,54632.7674860746
LAVEORIARUBYZZ_1_2022,18638.27385764253
LAVEORIARUBYZZ_2_2022,10424.580472925902
LAVEWARDDUAN_11_2021,810458.088830841
LAVEWARDDUAN_12_2021,626175.8365835461
LAVEWARDDUAN_1_2022,366573.5044532103
LAVEWARDDUAN_2_2022,511735.3941460455
LAZAABELEAN_11_2021,860663.2639876417
LAZAABELEAN_12_2021,848070.4780522098
LAZAABELEAN_1_2022,348448.35808398697
LAZAABELEAN_2_2022,364226.8794263425
LAZAANHNOLAZZ_11_2021,227292.5615500101
LAZAANHNOLAZZ_12_2021,191044.45355804497
LAZAANHNOLAZZ_1_2022,81477.27154506097
LAZAANHNOLAZZ_2_2022,87300.29008349871
LAZAJENEONEI_11_2021,601370.0068947782
LAZAJENEONEI_12_2021,711636.2575484465
LAZAJENEONEI_1_2022,341772.3700604521
LAZAJENEONEI_2_2022,361299.91352918936
LAZANOLAWHIT_11_2021,1205623.2024436088
LAZANOLAWHIT_12_2021,1215895.5260840086
LAZANOLAWHIT_1_2022,596399.5536148117
LAZANOLAWHIT_2_2022,599758.460167849
LAZASHIEMAYNZZ_11_2021,107653.36473702917
LAZASHIEMAYNZZ_12_2021,91057.00958728734
LAZASHIEMAYNZZ_1_2022,15502.906993000202
LAZASHIEMAYNZZ_2_2022,35303.36489220693
LEANVETADESM_11_2021,39081.92369509839
LEANVETADESM_12_2021,46585.10736178637
LEANVETADESM_1_2022,10306.16388218263
LEANVETADESM_2_2022,16380.262496317162
LEANVETADESMZZ_11_2021,26210.76806820155
LEANVETADESMZZ_12_2021,23902.247399675576
LEANVETADESMZZ_1_2022,3250.3431643390322
LEANVETADESMZZ_2_2022,5214.321148239211
LEATILSEDONOZZ_11_2021,78147.439919323
LEATILSEDONOZZ_12_2021,80071.02172585553
LEATILSEDONOZZ_1_2022,45927.26447142447
LEATILSEDONOZZ_2_2022,37943.72011779707
LEATREYROSEZZ_11_2021,250493.5446678359
LEATREYROSEZZ_12_2021,257615.24512271016
LEATREYROSEZZ_1_2022,79594.29026941971
LEATREYROSEZZ_2_2022,91071.28475830569
LEATSHIABRITZZ_11_2021,322027.2755145109
LEATSHIABRITZZ_12_2021,330911.7630376577
LEATSHIABRITZZ_1_2022,254493.96613769582
LEATSHIABRITZZ_2_2022,267792.4812457183
LILLATHARIGO_11_2021,97075.77707390717
LILLATHARIGO_12_2021,50927.065988393
LILLATHARIGO_1_2022,127901.21395805788
LILLATHARIGO_2_2022,301233.5720554275
LILLCHELCOLL_11_2021,61106.23349142964
LILLCHELCOLL_12_2021,76003.06273309921
LILLCHELCOLL_1_2022,-14414.762781003301
LILLCHELCOLL_2_2022,-8265.6467109484
LILLETTEROSEZZ_11_2021,7070.299187494478
LILLETTEROSEZZ_12_2021,23351.507580394176
LILLETTEROSEZZ_1_2022,11239.759213101694
LILLETTEROSEZZ_2_2022,-3490.731739897932
LILLICKIERICZZ_11_2021,251694.71439261865
LILLICKIERICZZ_12_2021,232537.04927508996
LILLICKIERICZZ_1_2022,87431.02055069496
LILLICKIERICZZ_2_2022,26147.702380259932
LILLLIZAARMA_11_2021,1282430.9701098767
LILLLIZAARMA_12_2021,1482507.9539537786
LILLLIZAARMA_1_2022,633516.7986560758
LILLLIZAARMA_2_2022,759251.6441296346
LILLRENENOVEZZ_11_2021,-3120.240014675648
LILLRENENOVEZZ_12_2021,12737.480908434742
LILLRENENOVEZZ_1_2022,8224.104189137326
LILLRENENOVEZZ_2_2022,3132.4169469118824
LILLRRONALBE_11_2021,20213.503882234036
LILLRRONALBE_12_2021,16870.377994370312
LILLRRONALBE_1_2022,5559.089033046832
LILLRRONALBE_2_2022,6079.728187500197
LILLRRONALBEZZ_11_2021,26668.807693518997
LILLRRONALBEZZ_12_2021,25173.779302244096
LILLRRONALBEZZ_1_2022,3900.4943001174797
LILLRRONALBEZZ_2_2022,5855.220681349314
LUANANNAROBZZ_11_2021,70649.82631217652
LUANANNAROBZZ_12_2021,86533.62816602892
LUANANNAROBZZ_1_2022,23771.369521006738
LUANANNAROBZZ_2_2022,7370.756124095718
LUANRANGBRITZZ_11_2021,210915.81987287354
LUANRANGBRITZZ_12_2021,203957.36918178073
LUANRANGBRITZZ_1_2022,84561.15053839664
LUANRANGBRITZZ_2_2022,95344.39825532612
LUANTLYNRIGOZZ_11_2021,44791.11114605054
LUANTLYNRIGOZZ_12_2021,34872.871217575754
LUANTLYNRIGOZZ_1_2022,13500.532635219019
LUANTLYNRIGOZZ_2_2022,22384.93476498011
LYNEHEBACANDZZ_11_2021,497841.74826138886
LYNEHEBACANDZZ_12_2021,501360.99207517935
LYNEHEBACANDZZ_1_2022,365211.70199822227
LYNEHEBACANDZZ_2_2022,340324.1229773723
LYNERRONCANDZZ_11_2021,586416.214891485
LYNERRONCANDZZ_12_2021,467963.3681888572
LYNERRONCANDZZ_1_2022,349169.37331343006
LYNERRONCANDZZ_2_2022,322412.38692402747
LYNESAACELROZZ_11_2021,122199.35810146002
LYNESAACELROZZ_12_2021,116939.6828613927
LYNESAACELROZZ_1_2022,39680.8774486582
LYNESAACELROZZ_2_2022,40758.68532096871
LYNEUTHELAKE_11_2021,1863838.6356748666
LYNEUTHELAKE_12_2021,1847754.7674183368
LYNEUTHELAKE_1_2022,772553.8344059319
LYNEUTHELAKE_2_2022,870247.8743574531
MALIAHAMRICK_11_2021,346503.4217817229
MALIAHAMRICK_12_2021,193936.84141245726
MALIAHAMRICK_1_2022,75918.091066614
MALIAHAMRICK_2_2022,114909.43350970239
MALIANDAKRISZZ_11_2021,55020.5869140102
MALIANDAKRISZZ_12_2021,56673.49187935111
MALIANDAKRISZZ_1_2022,33300.43233137279
MALIANDAKRISZZ_2_2022,15627.64742781236
MALIARLARHEBZZ_11_2021,23853.088357901765
MALIARLARHEBZZ_12_2021,28516.830070300475
MALIARLARHEBZZ_1_2022,-1636.3291428776174
MALIARLARHEBZZ_2_2022,-3664.1857069929647
MALIEENAKEVA_11_2021,234549.72981558368
MALIEENAKEVA_12_2021,285064.01294548984
MALIEENAKEVA_1_2022,108518.52618947101
MALIEENAKEVA_2_2022,169579.271948337
MALIERTORIGOZZ_11_2021,114194.2849214167
MALIERTORIGOZZ_12_2021,97644.0118819559
MALIERTORIGOZZ_1_2022,13715.149668010205
MALIERTORIGOZZ_2_2022,33479.82953159742
MALIHEBAYOSHZZ_11_2021,14533.440429348555
MALIHEBAYOSHZZ_12_2021,18390.064840744097
MALIHEBAYOSHZZ_1_2022,30560.51750499248
MALIHEBAYOSHZZ_2_2022,27930.939803398065
MALILIAMBART_11_2021,525390.5852115403
MALILIAMBART_12_2021,522011.91939500254
MALILIAMBART_1_2022,151465.2957851547
MALILIAMBART_2_2022,289039.2401320198
MARXENNEISAAZZ_11_2021,351862.47317484283
MARXENNEISAAZZ_12_2021,362524.8227530604
MARXENNEISAAZZ_1_2022,145713.67016065028
MARXENNEISAAZZ_2_2022,111560.45042824776
MARXMONDHALZZ_11_2021,382531.6058079419
MARXMONDHALZZ_12_2021,372069.83390327834
MARXMONDHALZZ_1_2022,239716.4683587841
MARXMONDHALZZ_2_2022,164922.84265707235
MARXORIASIGR_11_2021,63713.60112679569
MARXORIASIGR_12_2021,65209.885846051846
MARXORIASIGR_1_2022,56777.58431944047
MARXORIASIGR_2_2022,18502.887943073318
MARXORIASIGRZZ_11_2021,62806.839045693254
MARXORIASIGRZZ_12_2021,64303.12376494941
MARXORIASIGRZZ_1_2022,55562.36500603325
MARXORIASIGRZZ_2_2022,17452.51311614174
MAXIEENAKATHZZ_11_2021,9127.984236714206
MAXIEENAKATHZZ_12_2021,6282.443391589159
MAXIEENAKATHZZ_1_2022,-1094.3205646865645
MAXIEENAKATHZZ_2_2022,11458.63197714678
MAXIGRIDABEZZ_11_2021,313451.3825636188
MAXIGRIDABEZZ_12_2021,319813.53889202944
MAXIGRIDABEZZ_1_2022,281073.49266211863
MAXIGRIDABEZZ_2_2022,254661.0461390581
MAXIOVANLAKE_11_2021,242524.70405369144
MAXIOVANLAKE_12_2021,298568.31783288496
MAXIOVANLAKE_1_2022,165530.20069522416
MAXIOVANLAKE_2_2022,236487.15814344067
MAXIRUBYDESM_11_2021,1124319.1259471974
MAXIRUBYDESM_12_2021,1201709.8442582986
MAXIRUBYDESM_1_2022,643788.3845923181
MAXIRUBYDESM_2_2022,651098.1620913406
MAXITINEREVAZZ_11_2021,492821.08432962396
MAXITINEREVAZZ_12_2021,518084.9287153884
MAXITINEREVAZZ_1_2022,229907.24082461838
MAXITINEREVAZZ_2_2022,133993.5552347095
MAXIVETAAMBE_11_2021,1299455.1026952057
MAXIVETAAMBE_12_2021,1228966.211381999
MAXIVETAAMBE_1_2022,508461.75392070966
MAXIVETAAMBE_2_2022,571467.0361669546
MAYNERTOILEE_11_2021,30652.360459709744
MAYNERTOILEE_12_2021,24559.91418361736
MAYNERTOILEE_1_2022,7998.912659167154
MAYNERTOILEE_2_2022,15932.52324795292
MAYNETHATERR_11_2021,135070.6529486183
MAYNETHATERR_12_2021,140905.27205439575
MAYNETHATERR_1_2022,39468.30583193673
MAYNETHATERR_2_2022,85842.04041624392
MAYNHAELRIGO_11_2021,1095885.092789853
MAYNHAELRIGO_12_2021,1097017.65378781
MAYNHAELRIGO_1_2022,382761.2491813001
MAYNHAELRIGO_2_2022,401326.59326590487
MAYNHEBARUTH_11_2021,421843.67106522707
MAYNHEBARUTH_12_2021,452986.1815553127
MAYNHEBARUTH_1_2022,258732.3263739303
MAYNHEBARUTH_2_2022,340514.6373001041
MAYNINDALAZA_11_2021,348111.936386978
MAYNINDALAZA_12_2021,387469.5946940286
MAYNINDALAZA_1_2022,200583.20073623554
MAYNINDALAZA_2_2022,162961.6280720172
MERCHLIEHARLZZ_11_2021,22412.16559826811
MERCHLIEHARLZZ_12_2021,45957.90709174416
MERCHLIEHARLZZ_1_2022,17127.783492256713
MERCHLIEHARLZZ_2_2022,15285.864538088852
MERCIBALKEVA_11_2021,2038835.9903021264
MERCIBALKEVA_12_2021,2145984.599096287
MERCIBALKEVA_1_2022,935717.4794928591
MERCIBALKEVA_2_2022,1029494.0319428083
MERCMARXISAAZZ_11_2021,1056918.2458693716
MERCMARXISAAZZ_12_2021,643469.9628102068
MERCMARXISAAZZ_1_2022,443418.8081763424
MERCMARXISAAZZ_2_2022,434625.3783499485
MERCNDAYLEAN_11_2021,1835048.1991433399
MERCNDAYLEAN_12_2021,1807852.4965776403
MERCNDAYLEAN_1_2022,837628.4200101497
MERCNDAYLEAN_2_2022,973969.2757566341
MERCSAACJULI_11_2021,41837.20264943656
MERCSAACJULI_12_2021,61406.67795855651
MERCSAACJULI_1_2022,9901.217001410458
MERCSAACJULI_2_2022,9510.66907225261
MERCTTNYLEAT_11_2021,48996.53145837425
MERCTTNYLEAT_12_2021,46938.01357100666
MERCTTNYLEAT_1_2022,-19114.426908290872
MERCTTNYLEAT_2_2022,5844.713096419557
MERCTTNYMERCZZ_11_2021,11975.770297956215
MERCTTNYMERCZZ_12_2021,18370.52576441854
MERCTTNYMERCZZ_1_2022,13586.56493556022
MERCTTNYMERCZZ_2_2022,9129.442041118476
MICHEDESKAIT_11_2021,33362.75593075834
MICHEDESKAIT_12_2021,30888.120754627438
MICHEDESKAIT_1_2022,-28840.553815751948
MICHEDESKAIT_2_2022,24141.282770650185
MICHICKIKARR_11_2021,2111868.475770784
MICHICKIKARR_12_2021,2211579.9935658625
MICHICKIKARR_1_2022,927095.9069676313
MICHICKIKARR_2_2022,1017329.1537694794
MICHMULAASHLZZ_11_2021,209560.934576133
MICHMULAASHLZZ_12_2021,188509.95779231063
MICHMULAASHLZZ_1_2022,92165.2239890806
MICHMULAASHLZZ_2_2022,86383.7646180183
MICHRTIEJEAN_11_2021,1846271.8115896003
MICHRTIEJEAN_12_2021,1863359.8661433493
MICHRTIEJEAN_1_2022,880416.8513159812
MICHRTIEJEAN_2_2022,1090175.565291178
MITCELLATERR_11_2021,1614698.0464323978
MITCELLATERR_12_2021,1663881.4935884664
MITCELLATERR_1_2022,703510.6935806898
MITCELLATERR_2_2022,855010.3056200545
MITCERTOKEVA_11_2021,439999.71610645007
MITCERTOKEVA_12_2021,371490.37158633204
MITCERTOKEVA_1_2022,217269.98831773765
MITCERTOKEVA_2_2022,225032.43832448043
MITCKEVAALBE_11_2021,1716486.4288540292
MITCKEVAALBE_12_2021,1519884.25908374
MITCKEVAALBE_1_2022,676091.2487513965
MITCKEVAALBE_2_2022,725852.3648643128
MITCNOLAJULI_11_2021,484311.8230541269
MITCNOLAJULI_12_2021,525796.1307527805
MITCNOLAJULI_1_2022,314883.16023507796
MITCNOLAJULI_2_2022,305240.67102924373
NOLAHEBADUANZZ_11_2021,656768.0841943836
NOLAHEBADUANZZ_12_2021,671148.802561781
NOLAHEBADUANZZ_1_2022,460215.76692006394
NOLAHEBADUANZZ_2_2022,420254.86348537065
NOLATNEYMARXZZ_11_2021,144539.41951007256
NOLATNEYMARXZZ_12_2021,148450.6740189934
NOLATNEYMARXZZ_1_2022,52829.69128332871
NOLATNEYMARXZZ_2_2022,38267.970779008
NOVEARLADUAN_11_2021,1618554.7577676286
NOVEARLADUAN_12_2021,1679160.5830417778
NOVEARLADUAN_1_2022,878132.9697048867
NOVEARLADUAN_2_2022,1083947.890825705
NOVEATHAASHLZZ_11_2021,33366.18302834474
NOVEATHAASHLZZ_12_2021,82802.21234500443
NOVEATHAASHLZZ_1_2022,71378.14877529505
NOVEATHAASHLZZ_2_2022,72290.01786202943
NOVEERINKAIT_11_2021,513058.25432115246
NOVEERINKAIT_12_2021,614461.7559330157
NOVEERINKAIT_1_2022,261374.80465263993
NOVEERINKAIT_2_2022,190490.8902113836
NOVEETHAROBZZ_11_2021,44432.92774557736
NOVEETHAROBZZ_12_2021,43786.82490586752
NOVEETHAROBZZ_1_2022,6765.438567312527
NOVEETHAROBZZ_2_2022,3385.490774077425
NOVELIZAANHZZ_11_2021,221948.27128413031
NOVELIZAANHZZ_12_2021,253483.9746657237
NOVELIZAANHZZ_1_2022,119318.67224703683
NOVELIZAANHZZ_2_2022,137413.70883147445
NOVERENEETHAZZ_11_2021,26980.884025821782
NOVERENEETHAZZ_12_2021,27986.457986640486
NOVERENEETHAZZ_1_2022,11138.109179280353
NOVERENEETHAZZ_2_2022,12081.09783929304
NOVERTIEWALLZZ_11_2021,13703.263449871927
NOVERTIEWALLZZ_12_2021,15190.686535149378
NOVERTIEWALLZZ_1_2022,2845.477204238923
NOVERTIEWALLZZ_2_2022,6349.571295492113
ONEILENEILEEZZ_11_2021,51831.55137830312
ONEILENEILEEZZ_12_2021,41456.42094621778
ONEILENEILEEZZ_1_2022,13696.79429965814
ONEILENEILEEZZ_2_2022,20445.16847370686
ONEILONACARL_11_2021,2507985.69114066
ONEILONACARL_12_2021,2590617.6310266303
ONEILONACARL_1_2022,1188175.456072866
ONEILONACARL_2_2022,1302470.3890212243
PAMUABEARVIZZ_11_2021,58072.71358810908
PAMUABEARVIZZ_12_2021,85640.01772692415
PAMUABEARVIZZ_1_2022,86868.37704948998
PAMUABEARVIZZ_2_2022,91853.08979863208
PAMUEIDAASHL_11_2021,735684.5634581654
PAMUEIDAASHL_12_2021,880526.0636036788
PAMUEIDAASHL_1_2022,384645.2251792951
PAMUEIDAASHL_2_2022,360757.71902621223
PAMULONAJAYEZZ_11_2021,69052.67918485838
PAMULONAJAYEZZ_12_2021,64775.62551055377
PAMULONAJAYEZZ_1_2022,71229.54839832245
PAMULONAJAYEZZ_2_2022,81567.6228567713
PAMUUREAELIZ_11_2021,55038.3814111582
PAMUUREAELIZ_12_2021,66606.0305364533
PAMUUREAELIZ_1_2022,21891.37554261637
PAMUUREAELIZ_2_2022,48127.70385152276
PAMUUREAELIZZZ_11_2021,47431.01430988163
PAMUUREAELIZZZ_12_2021,68808.32823593264
PAMUUREAELIZZZ_1_2022,24257.017033028365
PAMUUREAELIZZZ_2_2022,24778.991623304843
PENNANNABARTZZ_11_2021,95817.77161909112
PENNANNABARTZZ_12_2021,119467.9414543035
PENNANNABARTZZ_1_2022,31045.61322225377
PENNANNABARTZZ_2_2022,20051.126025662965
PENNOVANLILL_11_2021,598532.2774641323
PENNOVANLILL_12_2021,509448.7277986216
PENNOVANLILL_1_2022,289571.4425722014
PENNOVANLILL_2_2022,248408.97135854402
REENBARTLEANZZ_11_2021,200800.0156172484
REENBARTLEANZZ_12_2021,179101.8356842118
REENBARTLEANZZ_1_2022,65798.15240339145
REENBARTLEANZZ_2_2022,80840.89493753547
REENESHAALON_11_2021,214339.27566891618
REENESHAALON_12_2021,282974.8918752791
REENESHAALON_1_2022,99839.92044061306
REENESHAALON_2_2022,118569.00864126865
REENMARXKAIT_11_2021,638411.2003988314
REENMARXKAIT_12_2021,558510.5609228625
REENMARXKAIT_1_2022,295156.49486466765
REENMARXKAIT_2_2022,289308.7848423717
REENNDISRICKZZ_11_2021,112802.6754235373
REENNDISRICKZZ_12_2021,147687.00182153936
REENNDISRICKZZ_1_2022,11313.476950088803
REENNDISRICKZZ_2_2022,16118.76233471595
REENNDISSUDIZZ_11_2021,363426.7377808936
REENNDISSUDIZZ_12_2021,347305.9743448406
REENNDISSUDIZZ_1_2022,229104.64612603348
REENNDISSUDIZZ_2_2022,233758.1591079181
REENOVANALBE_11_2021,547312.1607418207
REENOVANALBE_12_2021,465457.61777653545
REENOVANALBE_1_2022,311008.539032856
REENOVANALBE_2_2022,293249.75301619526
REENZAROAUREZZ_11_2021,44643.0860788329
REENZAROAUREZZ_12_2021,38660.72065364688
REENZAROAUREZZ_1_2022,14626.410451032953
REENZAROAUREZZ_2_2022,21757.46139597556
REVAGRIDRIGO_11_2021,620771.4527025087
REVAGRIDRIGO_12_2021,625037.6238680794
REVAGRIDRIGO_1_2022,371628.8454469117
REVAGRIDRIGO_2_2022,384192.79333842057
REVAHALLAZAZZ_11_2021,76564.96422970835
REVAHALLAZAZZ_12_2021,68578.70822373267
REVAHALLAZAZZ_1_2022,35676.86037448574
REVAHALLAZAZZ_2_2022,37508.18218037198
REVAICKIBRITZZ_11_2021,28630.965820520792
REVAICKIBRITZZ_12_2021,31693.151129064165
REVAICKIBRITZZ_1_2022,24197.2468948914
REVAICKIBRITZZ_2_2022,119150.22543227981
REVAJAYENOLA_11_2021,193418.95715808385
REVAJAYENOLA_12_2021,179282.97902298105
REVAJAYENOLA_1_2022,20059.607977338637
REVAJAYENOLA_2_2022,4368.689504823313
REVALIZAMICHZZ_11_2021,2382.5465475702367
REVALIZAMICHZZ_12_2021,5757.299780920654
REVALIZAMICHZZ_1_2022,5120.467113205519
REVALIZAMICHZZ_2_2022,336.00213912221443
REVAUDIEREYZZ_11_2021,209628.0802055492
REVAUDIEREYZZ_12_2021,187711.02698617658
REVAUDIEREYZZ_1_2022,47964.44858485036
REVAUDIEREYZZ_2_2022,56010.16971128539
REYELIAPENNZZ_11_2021,41378.873049239424
REYELIAPENNZZ_12_2021,42199.73819119317
REYELIAPENNZZ_1_2022,19469.754262067323
REYELIAPENNZZ_2_2022,17435.085584135886
REYETTEARLE_11_2021,173277.91793095617
REYETTEARLE_12_2021,163059.66025149732
REYETTEARLE_1_2022,49579.55939793237
REYETTEARLE_2_2022,43565.01478165487
REYIBALARLEZZ_11_2021,488868.9726965934
REYIBALARLEZZ_12_2021,534045.6878853814
REYIBALARLEZZ_1_2022,268997.7513725406
REYIBALARLEZZ_2_2022,293592.4112577576
REYORIAARLEZZ_11_2021,27638.497521335776
REYORIAARLEZZ_12_2021,27293.810495445472
REYORIAARLEZZ_1_2022,15043.686597196061
REYORIAARLEZZ_2_2022,21610.47746006534
REYRTIECARLZZ_11_2021,166289.20573179433
REYRTIECARLZZ_12_2021,173341.06608011058
REYRTIECARLZZ_1_2022,119339.16448556073
REYRTIECARLZZ_2_2022,72989.08312594806
REYRUBYDONAZZ_11_2021,-7915.352747697216
REYRUBYDONAZZ_12_2021,3829.6948141385546
REYRUBYDONAZZ_1_2022,4663.43186751004
REYRUBYDONAZZ_2_2022,-390.8109537954988
REYXIMOMAXI_11_2021,1123194.925521212
REYXIMOMAXI_12_2021,1123636.0534702048
REYXIMOMAXI_1_2022,560802.881098009
REYXIMOMAXI_2_2022,642322.2311505936
RHEBNALDCIND_11_2021,737759.3956973389
RHEBNALDCIND_12_2021,811937.3930257931
RHEBNALDCIND_1_2022,383622.73062736174
RHEBNALDCIND_2_2022,421560.2211143396
RICKETTASUDIZZ_11_2021,296680.29458973074
RICKETTASUDIZZ_12_2021,284102.5752203186
RICKETTASUDIZZ_1_2022,205764.41459295343
RICKETTASUDIZZ_2_2022,141379.51970433514
RICKINDADESMZZ_11_2021,13672.51718089775
RICKINDADESMZZ_12_2021,11770.593361220612
RICKINDADESMZZ_1_2022,-4363.484978039076
RICKINDADESMZZ_2_2022,-3194.934843720057
RICKONIOCATHZZ_11_2021,662.1153015647869
RICKONIOCATHZZ_12_2021,3399.4568743779055
RICKONIOCATHZZ_1_2022,4176.149589447898
RICKONIOCATHZZ_2_2022,159.05334402757217
RICKUTHESHERZZ_11_2021,263679.0474804104
RICKUTHESHERZZ_12_2021,312430.41944082925
RICKUTHESHERZZ_1_2022,141862.23475124125
RICKUTHESHERZZ_2_2022,143261.19164546582
RIGOANNALAKEZZ_11_2021,33009.24851719101
RIGOANNALAKEZZ_12_2021,46727.16522259997
RIGOANNALAKEZZ_1_2022,11596.028618161328
RIGOANNALAKEZZ_2_2022,16693.106995212776
RIGOERINABEZZ_11_2021,190016.55952545512
RIGOERINABEZZ_12_2021,187132.21565113845
RIGOERINABEZZ_1_2022,106144.10916703689
RIGOERINABEZZ_2_2022,95990.60214153436
RIGOILSEDONA_11_2021,290091.3200407015
RIGOILSEDONA_12_2021,297015.7327056157
RIGOILSEDONA_1_2022,189463.23360029262
RIGOILSEDONA_2_2022,179907.09529070382
RIGOLROYANHZZ_11_2021,487897.0356688755
RIGOLROYANHZZ_12_2021,512060.1234382334
RIGOLROYANHZZ_1_2022,268054.6010333325
RIGOLROYANHZZ_2_2022,324682.63228984945
RIGORANGTERRZZ_11_2021,29562.623596780526
RIGORANGTERRZZ_12_2021,42803.52516054193
RIGORANGTERRZZ_1_2022,10735.254160831442
RIGORANGTERRZZ_2_2022,13162.995359181727
RIGOREVACOREZZ_11_2021,411710.3742643366
RIGOREVACOREZZ_12_2021,458247.4609654613
RIGOREVACOREZZ_1_2022,156171.0661985052
RIGOREVACOREZZ_2_2022,155415.4589358003
ROBJAYEARMAZZ_11_2021,467835.5913282817
ROBJAYEARMAZZ_12_2021,477359.030644338
ROBJAYEARMAZZ_1_2022,292862.8640885666
ROBJAYEARMAZZ_2_2022,230747.57419635402
ROBOLPHNOLAZZ_11_2021,685484.1444633693
ROBOLPHNOLAZZ_12_2021,416420.377089108
ROBOLPHNOLAZZ_1_2022,327859.45367853483
ROBOLPHNOLAZZ_2_2022,308728.5012517202
ROBUREARUTH_11_2021,1866669.5127550515
ROBUREARUTH_12_2021,1963026.2151213302
ROBUREARUTH_1_2022,858236.3461323368
ROBUREARUTH_2_2022,1069572.1998702849
ROBXIMOJEAN_11_2021,1032822.2205456928
ROBXIMOJEAN_12_2021,1071847.5521688382
ROBXIMOJEAN_1_2022,513411.8756551112
ROBXIMOJEAN_2_2022,631202.8723934417
ROBZAROCATH_11_2021,131284.85483419057
ROBZAROCATH_12_2021,176432.73610428005
ROBZAROCATH_1_2022,110633.44964638836
ROBZAROCATH_2_2022,109971.51408600813
ROSEERRYHANGZZ_11_2021,28362.79818795339
ROSEERRYHANGZZ_12_2021,33947.45135231746
ROSEERRYHANGZZ_1_2022,12526.094411571506
ROSEERRYHANGZZ_2_2022,20556.887917490872
ROSEINDIPENNZZ_11_2021,71399.08081512387
ROSEINDIPENNZZ_12_2021,86951.8342624578
ROSEINDIPENNZZ_1_2022,20027.763396240854
ROSEINDIPENNZZ_2_2022,15517.870251243694
RUBYARTNOLAZZ_11_2021,56010.15005430227
RUBYARTNOLAZZ_12_2021,47596.939415337925
RUBYARTNOLAZZ_1_2022,31303.384157631197
RUBYARTNOLAZZ_2_2022,38897.38041544174
RUBYEDESJEANZZ_11_2021,18684.53570191485
RUBYEDESJEANZZ_12_2021,13240.76739128872
RUBYEDESJEANZZ_1_2022,8461.296604902118
RUBYEDESJEANZZ_2_2022,6200.95810940185
RUBYUDIEMAXIZZ_11_2021,401933.49339434475
RUBYUDIEMAXIZZ_12_2021,382775.82827681606
RUBYUDIEMAXIZZ_1_2022,245215.79301487067
RUBYUDIEMAXIZZ_2_2022,174199.0002018903
RUDOALLYCATH_11_2021,1565801.4283945523
RUDOALLYCATH_12_2021,1860845.358969819
RUDOALLYCATH_1_2022,782429.4135898139
RUDOALLYCATH_2_2022,882252.9443693837
RUDOCHELLYNE_11_2021,2092485.4049079753
RUDOCHELLYNE_12_2021,2036985.4766972044
RUDOCHELLYNE_1_2022,1006755.0748287593
RUDOCHELLYNE_2_2022,1219712.3035824532
RUDOXIMOYOSHZZ_11_2021,8350.853801470868
RUDOXIMOYOSHZZ_12_2021,30200.332201152585
RUDOXIMOYOSHZZ_1_2022,7655.018548060758
RUDOXIMOYOSHZZ_2_2022,9558.623842457473
RUDOZAROANIBZZ_11_2021,11282.40224563204
RUDOZAROANIBZZ_12_2021,17268.803995071925
RUDOZAROANIBZZ_1_2022,12893.196883236045
RUDOZAROANIBZZ_2_2022,8883.25570036046
RUTHATHALAZAZZ_11_2021,22352.358153690937
RUTHATHALAZAZZ_12_2021,19636.803975250397
RUTHATHALAZAZZ_1_2022,8766.525576888616
RUTHATHALAZAZZ_2_2022,24826.62483435403
RUTHELLYCATHZZ_11_2021,65496.31643885604
RUTHELLYCATHZZ_12_2021,55198.81693736916
RUTHELLYCATHZZ_1_2022,59432.810616910894
RUTHELLYCATHZZ_2_2022,94369.2038911635
RUTHILDAREVA_11_2021,784144.4491240791
RUTHILDAREVA_12_2021,804602.8804098367
RUTHILDAREVA_1_2022,392113.06588692917
RUTHILDAREVA_2_2022,432141.85570807674
RUTHMONDARMAZZ_11_2021,214547.83604460582
RUTHMONDARMAZZ_12_2021,215414.2120593495
RUTHMONDARMAZZ_1_2022,86392.02359216973
RUTHMONDARMAZZ_2_2022,107049.25388141425
RUTHMULASUDI_11_2021,738601.0348041096
RUTHMULASUDI_12_2021,796073.4774120435
RUTHMULASUDI_1_2022,482028.61772162904
RUTHMULASUDI_2_2022,359383.6662401411
SAMABARTRUTHZZ_11_2021,40843.56800737909
SAMABARTRUTHZZ_12_2021,41100.99050028738
SAMABARTRUTHZZ_1_2022,15098.123410861817
SAMABARTRUTHZZ_2_2022,15217.970678656311
SAMANDAYLAZA_11_2021,2048337.1767310603
SAMANDAYLAZA_12_2021,2232590.750029142
SAMANDAYLAZA_1_2022,896480.5308443203
SAMANDAYLAZA_2_2022,1030205.6837611145
SAMARTHAMAXIZZ_11_2021,307046.77566454175
SAMARTHAMAXIZZ_12_2021,301833.2082118862
SAMARTHAMAXIZZ_1_2022,270459.6027279048
SAMARTHAMAXIZZ_2_2022,227902.31060825643
SAMATINEWHIT_11_2021,1100447.9173377245
SAMATINEWHIT_12_2021,1270021.8776081712
SAMATINEWHIT_1_2022,589650.7411299741
SAMATINEWHIT_2_2022,625600.4594248061
SAMATNEYANTOZZ_11_2021,139934.6871427798
SAMATNEYANTOZZ_12_2021,144219.5763259789
SAMATNEYANTOZZ_1_2022,100290.50636791148
SAMATNEYANTOZZ_2_2022,58942.544819630406
SHERANDARIGOZZ_11_2021,-7887.471594938004
SHERANDARIGOZZ_12_2021,3857.575966897766
SHERANDARIGOZZ_1_2022,4691.313020269252
SHERANDARIGOZZ_2_2022,-407.50716333193486
SHERTTNYNOLAZZ_11_2021,22897.08585010764
SHERTTNYNOLAZZ_12_2021,60580.80633355703
SHERTTNYNOLAZZ_1_2022,84502.0113341287
SHERTTNYNOLAZZ_2_2022,86418.20608037325
SIGRERRYARTIZZ_11_2021,29580.519462748343
SIGRERRYARTIZZ_12_2021,51359.02732735782
SIGRERRYARTIZZ_1_2022,7378.221664392808
SIGRERRYARTIZZ_2_2022,11273.519227763376
SIGRMBERCARL_11_2021,1650242.6974458161
SIGRMBERCARL_12_2021,1765929.6527786362
SIGRMBERCARL_1_2022,833277.4585963555
SIGRMBERCARL_2_2022,899095.2545242883
SIGRMULASUDI_11_2021,-25454.925815758863
SIGRMULASUDI_12_2021,-19416.505333479916
SIGRMULASUDI_1_2022,-28484.078293218976
SIGRMULASUDI_2_2022,-7989.794468470936
SIGRREYHOWA_11_2021,1609167.7731358306
SIGRREYHOWA_12_2021,1461911.5822625638
SIGRREYHOWA_1_2022,589487.3731816849
SIGRREYHOWA_2_2022,646334.58918285
SIGRRTIENOLAZZ_11_2021,307306.32701262145
SIGRRTIENOLAZZ_12_2021,288299.9899111199
SIGRRTIENOLAZZ_1_2022,154075.46068353896
SIGRRTIENOLAZZ_2_2022,235890.31859876768
SUDIEIDAYOSH_11_2021,830026.1535006529
SUDIEIDAYOSH_12_2021,863373.024493786
SUDIEIDAYOSH_1_2022,415401.64290367294
SUDIEIDAYOSH_2_2022,380179.4406813763
SUDISHIEELLY_11_2021,451597.2454731817
SUDISHIEELLY_12_2021,479432.7970224488
SUDISHIEELLY_1_2022,166359.08891986305
SUDISHIEELLY_2_2022,220011.83513650534
SUDIUANEARLE_11_2021,716601.26779449
SUDIUANEARLE_12_2021,796702.7804925076
SUDIUANEARLE_1_2022,410277.2518336599
SUDIUANEARLE_2_2022,467032.55450323434
SUNDBARTLEATZZ_11_2021,14894.994720738861
SUNDBARTLEATZZ_12_2021,30069.866073263125
SUNDBARTLEATZZ_1_2022,11890.562743324863
SUNDBARTLEATZZ_2_2022,12873.632479838581
SUNDRENEASHLZZ_11_2021,23619.02830008385
SUNDRENEASHLZZ_12_2021,33024.37721778455
SUNDRENEASHLZZ_1_2022,40249.54681906422
SUNDRENEASHLZZ_2_2022,25962.322408911925
SUNDROBBART_11_2021,220655.57568151498
SUNDROBBART_12_2021,228618.0372532435
SUNDROBBART_1_2022,164863.77725048788
SUNDROBBART_2_2022,90389.90067474131
SUNDSAACETHAZZ_11_2021,17530.890074707608
SUNDSAACETHAZZ_12_2021,18100.72292135336
SUNDSAACETHAZZ_1_2022,999.767650587648
SUNDSAACETHAZZ_2_2022,13360.678578521936
SUNDSHIESUNDZZ_11_2021,154465.37948171937
SUNDSHIESUNDZZ_12_2021,140664.7461570304
SUNDSHIESUNDZZ_1_2022,67199.90789883024
SUNDSHIESUNDZZ_2_2022,80931.14398836035
TERRETHAARMA_11_2021,443158.7862817374
TERRETHAARMA_12_2021,445120.98661799356
TERRETHAARMA_1_2022,222536.51655418394
TERRETHAARMA_2_2022,207013.39812570185
TERRUTHEHARLZZ_11_2021,19189.15167940601
TERRUTHEHARLZZ_12_2021,34043.99712885963
TERRUTHEHARLZZ_1_2022,18285.13437382451
TERRUTHEHARLZZ_2_2022,-2941.968197946371
THORRISAJULIZZ_11_2021,368571.726532755
THORRISAJULIZZ_12_2021,359021.2493212122
THORRISAJULIZZ_1_2022,161038.0555991719
THORRISAJULIZZ_2_2022,196474.0308975524
TRANETTEALONZZ_11_2021,35386.3371228747
TRANETTEALONZZ_12_2021,21566.925635113017
TRANETTEALONZZ_1_2022,227.29565335830557
TRANETTEALONZZ_2_2022,4902.550486688524
TRANNARDCARLZZ_11_2021,316549.1892125943
TRANNARDCARLZZ_12_2021,275216.1295045496
TRANNARDCARLZZ_1_2022,142051.07964506623
TRANNARDCARLZZ_2_2022,145249.07409229624
WALLANDALEAN_11_2021,537115.4534379032
WALLANDALEAN_12_2021,493222.44232493045
WALLANDALEAN_1_2022,356140.0052659977
WALLANDALEAN_2_2022,341194.75901218574
WALLHAELARLEZZ_11_2021,162063.99804405138
WALLHAELARLEZZ_12_2021,155432.96091067593
WALLHAELARLEZZ_1_2022,59900.6151048772
WALLHAELARLEZZ_2_2022,51844.496892218056
WALLHORARUBYZZ_11_2021,326027.2170238688
WALLHORARUBYZZ_12_2021,315565.4451192053
WALLHORARUBYZZ_1_2022,172904.04073737742
WALLHORARUBYZZ_2_2022,99464.2211135782
WALLLIAMSUDI_11_2021,1633862.376616477
WALLLIAMSUDI_12_2021,1553004.1165692706
WALLLIAMSUDI_1_2022,725248.7397954987
WALLLIAMSUDI_2_2022,959878.6278429711
WALLNALDDUAN_11_2021,36094.07978674647
WALLNALDDUAN_12_2021,34035.21256161369
WALLNALDDUAN_1_2022,21615.746610417795
WALLNALDDUAN_2_2022,24643.244646239757
WALLUDIETERRZZ_11_2021,108879.00587141853
WALLUDIETERRZZ_12_2021,69963.0680621234
WALLUDIETERRZZ_1_2022,36469.86222461842
WALLUDIETERRZZ_2_2022,41044.933453701
WALLUTHEGRAHZZ_11_2021,75242.42876922655
WALLUTHEGRAHZZ_12_2021,72682.85755025956
WALLUTHEGRAHZZ_1_2022,18194.78122912121
WALLUTHEGRAHZZ_2_2022,20779.468761032535
WHITEENAREVA_11_2021,522181.4525137987
WHITEENAREVA_12_2021,526135.9100389145
WHITEENAREVA_1_2022,347465.9884756134
WHITEENAREVA_2_2022,289696.660178694
WHITENNEANHZZ_11_2021,49494.260115950376
WHITENNEANHZZ_12_2021,39486.4439460781
WHITENNEANHZZ_1_2022,18312.536614523517
WHITENNEANHZZ_2_2022,28183.262534523754
WHITESHAMITCZZ_11_2021,249092.99138992542
WHITESHAMITCZZ_12_2021,244345.1602352655
WHITESHAMITCZZ_1_2022,121738.18222459592
WHITESHAMITCZZ_2_2022,147891.21944802607
WHITOLPHKAITZZ_11_2021,172293.42795686802
WHITOLPHKAITZZ_12_2021,118503.03362749323
WHITOLPHKAITZZ_1_2022,-3781.654136390418
WHITOLPHKAITZZ_2_2022,-1473.6706210841658
WHITSHIAALBEZZ_11_2021,108411.2637980737
WHITSHIAALBEZZ_12_2021,127437.47952110162
WHITSHIAALBEZZ_1_2022,8291.383366503218
WHITSHIAALBEZZ_2_2022,13880.708351771467
YOSHILSEHOWAZZ_11_2021,-2058.9620081387184
YOSHILSEHOWAZZ_12_2021,10922.591907391778
YOSHILSEHOWAZZ_1_2022,4410.589007132225
YOSHILSEHOWAZZ_2_2022,963.0127021104236
YOSHLEENBART_11_2021,267411.88213934156
YOSHLEENBART_12_2021,204398.70703849092
YOSHLEENBART_1_2022,119800.8541419745
YOSHLEENBART_2_2022,128748.47662392916
YOSHRENECARL_11_2021,296428.6546004957
YOSHRENECARL_12_2021,293538.2789951692
YOSHRENECARL_1_2022,167316.75693407984
YOSHRENECARL_2_2022,213730.51423464413
YOSHTLYNYOSHZZ_11_2021,189315.23192582635
YOSHTLYNYOSHZZ_12_2021,210018.50343741348
YOSHTLYNYOSHZZ_1_2022,69451.14674609221
YOSHTLYNYOSHZZ_2_2022,80901.60538693525
