ID,total_cost
tour_1,24099452.164626084
tour_100,15532878.924646582
tour_1001,8807180.315846803
tour_1006,3308305.5642211963
tour_1009,20634681.505245067
tour_1010,4165788.948729792
tour_1014,5611359.485638068
tour_1015,3852402.738644449
tour_1019,1390963.9442821038
tour_1020,7279173.84553229
tour_1023,12008107.123473331
tour_1025,16446785.224266877
tour_1031,33073892.39786325
tour_1037,3887940.810079215
tour_1044,4018743.9593924326
tour_1053,10809216.244528908
tour_1056,4958348.16219827
tour_106,13368797.218958145
tour_1064,6422660.704245752
tour_1069,10704921.554571712
tour_1077,1104024.6927130225
tour_1084,4513602.311697331
tour_1087,6026389.298483844
tour_1089,502731.3240132367
tour_1091,4921468.016533735
tour_1093,7708768.444576516
tour_1094,2137542.309811484
tour_110,785607.3662010249
tour_1100,3549981.492346001
tour_1101,26440994.090045072
tour_1105,4867657.6068154955
tour_1106,10017010.872720443
tour_111,2455639.8493437185
tour_1112,23232983.43914871
tour_1113,12081076.096299686
tour_1114,976001.5647668908
tour_1117,1618735.5051826157
tour_1119,4850055.675388335
tour_1127,5770637.042837387
tour_1140,2704726.7553560687
tour_1141,2703079.0250693797
tour_1143,6097474.498277661
tour_1145,1807927.349570614
tour_1148,2184251.948279139
tour_1153,1454656.0493330443
tour_1156,2863974.2424375997
tour_1157,2810182.7873875457
tour_1160,1377583.0768829056
tour_1169,10732842.456246102
tour_1170,2307060.9862544853
tour_1177,2093871.006208276
tour_1180,4366133.889059023
tour_1185,5035753.699674373
tour_1187,2021816.5050971669
tour_1189,24468930.8125829
tour_119,13727049.270427017
tour_1199,2526055.213932816
tour_120,884151.4631897926
tour_1204,11026888.83398309
tour_1206,4764978.518235233
tour_1218,740122.6183596742
tour_1223,3209445.312935459
tour_1225,7107863.076956702
tour_1227,4250072.538753272
tour_1228,804550.1945595447
tour_1229,3929248.7329293718
tour_1232,12407026.431727203
tour_1236,25389930.037260346
tour_1237,3682627.654526036
tour_124,8788276.131221842
tour_1240,2095485.7154278797
tour_1243,1569248.829772156
tour_125,2762393.8467933275
tour_1250,19151251.769568622
tour_1251,10179891.271556336
tour_1255,4984999.931272646
tour_1257,8591273.583692512
tour_1258,8767723.086529696
tour_1264,1566485.814503982
tour_1266,2338145.464320049
tour_1268,9793336.67659313
tour_1269,4331096.031775488
tour_127,2139025.7283555353
tour_1270,1858016.9329644009
tour_1272,1214868.9536421888
tour_1277,3910428.6147693936
tour_1280,9608682.298979724
tour_1283,19539860.663238063
tour_1284,12137877.362404332
tour_1285,5579503.686672967
tour_1288,1844149.3513874514
tour_1292,3628692.5709119826
tour_1293,4196770.894476135
tour_1297,6784477.790810175
tour_1299,8890025.629652314
tour_130,2658007.6169894035
tour_1300,3421747.239060116
tour_1301,7554900.637326457
tour_1307,3674501.8705935962
tour_131,891242.2855285269
tour_1317,7364851.6193828285
tour_1318,10455246.90230039
tour_1320,5365819.951308633
tour_1322,3564558.4704767484
tour_1323,3796052.4693410806
tour_1341,725585.2461092987
tour_1346,3867168.3046699227
tour_1348,2628670.09572818
tour_1352,11929085.829881998
tour_1354,12033593.541844727
tour_1355,6823387.299491379
tour_1365,1066049.5975815898
tour_1366,12604892.357886903
tour_1374,5150146.354466405
tour_1378,1978675.0101686474
tour_1389,3349125.439823904
tour_1392,1015470.2180116478
tour_1396,4654510.298423903
tour_1398,7658247.170551499
tour_140,1248506.0838133316
tour_1403,822506.2464472705
tour_1407,12509542.8252544
tour_1416,1597500.075184919
tour_1421,3985844.44050811
tour_1424,9487989.25855741
tour_1428,18579212.232919477
tour_1433,1011765.5397698896
tour_1434,7911265.862525196
tour_1435,2610526.5298557347
tour_1437,1789652.5841072435
tour_1438,775361.8986722043
tour_1441,364928.4281765337
tour_1442,2363355.9606948034
tour_1449,3700858.5926793194
tour_1450,20095831.306194745
tour_1451,1095732.6804139495
tour_1459,11300682.919140453
tour_1463,1020032.8991939409
tour_1468,2464057.437499302
tour_1470,296169.20811586
tour_1477,5463769.552299913
tour_1479,30358172.75491731
tour_1484,3105367.9517639517
tour_1488,26160454.624964193
tour_1497,7101032.842680534
tour_1499,14008286.28996186
tour_15,5879148.827845587
tour_1502,5096401.410411241
tour_1503,4953742.2160308445
tour_1515,13619499.395367915
tour_1517,18759421.442180987
tour_1521,6823732.2204574095
tour_1522,1326396.310486394
tour_1523,8391138.706274705
tour_1527,3859479.8171261908
tour_153,1244855.457451234
tour_1532,13645052.89571349
tour_1535,1545147.1715863666
tour_1539,15292976.298528276
tour_154,13689473.134972924
tour_1540,2975451.161039027
tour_1544,3831167.1350335055
tour_1546,1663446.2391784096
tour_1549,3673671.8762453333
tour_1552,6968826.0960816145
tour_1553,6950386.678675568
tour_1554,1506140.8624476034
tour_1557,2412059.236422932
tour_1566,16194447.526661905
tour_1568,1145607.058904927
tour_1569,12520268.207234241
tour_158,2776363.137112418
tour_1583,9384549.793333722
tour_1584,13760607.867157817
tour_1588,5406466.4026998915
tour_159,31689800.92234644
tour_1594,2281886.0030290484
tour_1595,9923004.537872909
tour_160,7656141.318285351
tour_1603,13937237.134386554
tour_1608,3741988.840287949
tour_161,4303669.344596932
tour_1611,6529397.015651543
tour_1615,4917496.1292345915
tour_1622,3040455.7849708605
tour_1624,16237718.20997963
tour_1625,10293782.047388842
tour_1627,7890324.044935267
tour_1630,541407.1332359824
tour_1632,10834419.194296828
tour_1637,15894169.853055349
tour_164,2688891.65590732
tour_1641,2009304.6585630167
tour_1643,30323028.81383203
tour_1649,3089492.5791176436
tour_1650,20410897.911042836
tour_1651,20304047.345528197
tour_1654,1262649.6337062316
tour_1657,23579325.86011189
tour_1660,2221768.1030885414
tour_1668,3748831.5387601154
tour_167,4020088.7814033763
tour_1674,18076750.889452122
tour_1676,18593869.701127704
tour_1680,5721762.648325384
tour_1682,15988801.954785664
tour_1689,875826.8970165355
tour_1695,12082421.129001275
tour_1696,985518.2869900857
tour_1699,13731024.888371546
tour_1704,344349.25747515267
tour_171,2183627.243747791
tour_1711,255183.12246087723
tour_1717,15736273.42025549
tour_1718,2728936.1309572067
tour_1734,35839178.86623746
tour_1743,12909983.328189597
tour_1744,24774624.661013365
tour_1745,14884425.716662524
tour_175,16695825.590246702
tour_1754,9240513.363946903
tour_1759,19993283.03227927
tour_1766,16248980.713072425
tour_177,10225147.826571364
tour_1770,38680487.89641383
tour_1772,7799101.9713013265
tour_1773,27085082.338950638
tour_1777,4345807.215000441
tour_178,1324934.5287555703
tour_179,1277341.11185809
tour_1792,17381439.16760701
tour_1793,24629291.670531858
tour_1796,26237858.523356576
tour_1804,6420249.946859727
tour_1809,9852435.031072253
tour_1815,3643620.744844786
tour_1819,6461752.448223199
tour_1820,7132707.95716169
tour_1826,14009853.457765853
tour_1827,26621722.44351259
tour_183,6334047.701708977
tour_1830,21705594.331748266
tour_1834,8015431.065414802
tour_1836,10985508.778052796
tour_1839,6522047.836899113
tour_1843,28028460.553388406
tour_1846,18514817.589146245
tour_1849,9051754.058747888
tour_1856,21327072.431332767
tour_1863,12718856.907102017
tour_1864,7078091.076711068
tour_1865,4823878.440314515
tour_1868,5594722.43379079
tour_1874,1898903.1163678365
tour_1879,20343769.19277012
tour_188,2239649.6650709347
tour_1888,1516396.2445491138
tour_1889,28231437.797363542
tour_1892,14297283.446765428
tour_1894,8697298.106268238
tour_1901,5197892.38493546
tour_1903,25909077.001115512
tour_191,30660527.489005808
tour_1910,3730289.323241651
tour_1912,17614476.206369363
tour_1924,12995474.525074165
tour_1928,23415008.18649863
tour_1932,20589585.019613028
tour_1939,13670604.034124196
tour_1948,11198636.070383798
tour_1951,22108847.84445518
tour_1952,12355741.368524037
tour_1954,8337989.068661106
tour_1955,23947608.234041262
tour_1957,6437440.804237332
tour_196,13929100.783389399
tour_1964,3687779.7473189468
tour_1966,12825182.75731727
tour_1976,20895335.60108744
tour_198,930847.9136136356
tour_1983,9759026.869899157
tour_1984,16623655.71064581
tour_1987,24590083.6237839
tour_1989,4657518.07195413
tour_199,4851351.298806397
tour_1990,1231872.5612753977
tour_1991,11447398.529720357
tour_1992,2420008.467891494
tour_1994,12994482.921102637
tour_1995,25486691.623745214
tour_1998,11252933.139506143
tour_200,7571079.075818637
tour_2007,3881922.5003911937
tour_201,1635796.6514284678
tour_2010,9006527.591552122
tour_2011,21622555.21360707
tour_2012,1127947.0846999483
tour_2013,5758156.943785264
tour_2014,415677.81268482556
tour_2017,26172814.46881847
tour_2023,11358558.797143292
tour_2025,18172836.37589265
tour_2030,6871184.40949362
tour_2035,7932244.228914586
tour_2044,13320380.60588286
tour_2051,518627.41631057224
tour_2053,14461603.389671005
tour_2056,19322864.173048183
tour_2061,18322296.574111637
tour_2062,6812259.653392248
tour_2065,2247504.9639144195
tour_2066,5369567.461619496
tour_2074,10022406.94757616
tour_2075,10943101.109459015
tour_2086,10238033.482298119
tour_209,4382687.242418522
tour_2091,20355661.565822564
tour_2097,5093043.736613069
tour_21,15894312.17461626
tour_2102,1344437.5935901655
tour_2108,3741580.491315963
tour_2117,2032693.0989329175
tour_2120,822167.5378067117
tour_2126,6529460.08223084
tour_2127,789822.3955268933
tour_2128,16340923.143726258
tour_2132,3022207.772281293
tour_2133,22513559.130308762
tour_2137,2593227.7693525357
tour_2141,11147470.305027027
tour_2142,21189867.22725134
tour_2147,2907561.516657986
tour_2148,9165161.827745337
tour_2150,2334013.7313563284
tour_2165,1530286.802641641
tour_2167,30318996.829923116
tour_2171,2426337.9232429806
tour_2173,29061853.594624244
tour_2174,9046786.425689397
tour_2181,11348926.254973693
tour_2189,551040.6170815275
tour_2192,1076941.616008903
tour_2193,1528607.8887064373
tour_2197,816092.8576484197
tour_2198,8940999.24497031
tour_220,23221483.002622552
tour_2208,19268446.331393782
tour_2214,14426568.792319965
tour_2215,6624076.791844461
tour_2219,2205761.2332145325
tour_222,2163828.0102953445
tour_2224,6650657.850040779
tour_2225,2200847.103049471
tour_2226,27501284.26792664
tour_2227,6096921.831182923
tour_2232,6461447.174277847
tour_2235,1571919.655945104
tour_2238,22636322.30669892
tour_224,1823588.2834677729
tour_2244,1678375.632838641
tour_2245,7344407.475081035
tour_2247,10369857.08647126
tour_2249,2397041.3756966162
tour_2256,23840872.262047976
tour_2257,1639653.6631517226
tour_2259,5349107.410728
tour_226,1707562.5778442877
tour_2262,14063865.420399953
tour_2264,3289994.9686630787
tour_2269,14386448.362141201
tour_227,9628046.161863683
tour_2272,23618032.297337808
tour_2273,4371383.375000069
tour_2275,2471633.370330657
tour_2279,17185291.790680982
tour_2287,805967.4779961722
tour_229,1220692.0652417713
tour_2293,10632579.969812391
tour_2298,1722461.8678392011
tour_2300,4650349.518272948
tour_2303,30195725.276265524
tour_2304,1085045.313123825
tour_2307,2240705.521039329
tour_2309,5316834.477466564
tour_2316,1796897.0679795612
tour_2320,1388137.5730566608
tour_2322,22796960.48442018
tour_2323,9269111.590455975
tour_2332,2326567.215072984
tour_2335,7996345.166943271
tour_234,6569133.578589525
tour_2340,9665050.500074295
tour_2341,11028828.261018625
tour_2350,3640477.972211869
tour_2359,11076293.11550064
tour_236,8235625.087339458
tour_2363,11340683.105574148
tour_2365,19322878.11288919
tour_2366,9763408.808140956
tour_2369,11207874.759575654
tour_237,19520525.282202628
tour_2379,16243479.748416966
tour_239,12176033.87784113
tour_2390,6247869.912064463
tour_2393,9720751.224252434
tour_2397,6860355.166797571
tour_2404,1888013.8517515184
tour_2406,937426.4494470982
tour_2413,4729897.04937629
tour_2415,1338029.7260356476
tour_2418,542173.8498082604
tour_2427,2609430.9744447893
tour_2430,726202.9270600827
tour_2431,11611588.769184198
tour_2432,3144555.155374187
tour_2437,11212874.495023854
tour_244,6199201.625141729
tour_2442,11323645.538049832
tour_2452,26287907.151808146
tour_2456,34074546.38877512
tour_2460,21679050.618076567
tour_2464,4972940.178347757
tour_2467,9519900.69587996
tour_2468,18481931.036121424
tour_247,18123179.737011652
tour_2472,9375342.36033483
tour_2473,4469111.889853857
tour_2474,7042832.479387897
tour_2477,9898122.658031086
tour_248,18359639.638873886
tour_2481,30690005.45435183
tour_2491,461777.17428866774
tour_2494,3950680.8027741434
tour_2496,13828726.844735127
tour_2497,8509687.828933666
tour_2506,10683783.525788736
tour_2508,12375886.839066835
tour_2509,486934.64037758857
tour_2512,11065372.36543241
tour_2513,18194318.10975471
tour_2514,7532744.153277865
tour_2520,26159260.028258305
tour_2522,6471984.810212987
tour_2523,20328009.56022859
tour_2531,2204841.3165456997
tour_2539,8848385.629698291
tour_2541,7702139.241075483
tour_2546,11128360.68001679
tour_2552,4646348.031628737
tour_2554,2841120.7451382806
tour_2555,1568379.264480357
tour_2556,352600.9823669792
tour_2561,830568.9340663971
tour_2568,939360.0390426129
tour_2571,3380983.6897116667
tour_2577,1790302.495090198
tour_2581,17578172.301839348
tour_2582,6497530.488447235
tour_2589,2199881.120710264
tour_2591,998457.6466586884
tour_2593,8826813.237046774
tour_2595,12399233.91326745
tour_2596,16226035.935061906
tour_2597,2988978.377991074
tour_2599,20506886.21196925
tour_26,5378683.692881815
tour_2603,1632507.507430133
tour_2604,15197153.645837707
tour_261,20614914.055138744
tour_2612,2957598.294047699
tour_2614,14239544.856848016
tour_2616,5300354.919343096
tour_2619,8509447.403382296
tour_262,3321102.803661922
tour_2624,16313295.661109118
tour_2626,2320989.5235158154
tour_2628,3654171.418323074
tour_2640,5445428.521524321
tour_2641,1567883.4698087762
tour_2642,3800854.954869969
tour_2645,4968518.120229433
tour_2649,21084429.491422784
tour_2653,4727963.337233038
tour_2657,1010520.4093939157
tour_266,824644.6809995233
tour_2668,3957741.7047418873
tour_267,4501095.116306783
tour_2676,1700903.2495249284
tour_268,10419651.96125328
tour_2681,3059292.5512551134
tour_2683,27994866.46921744
tour_2686,7133592.635330984
tour_2688,6026651.52254328
tour_269,1524285.5800946346
tour_2690,13675853.891021961
tour_2691,8924130.045958538
tour_2692,10155319.155132407
tour_2700,20848822.818642747
tour_2704,6728152.760399255
tour_2706,10016128.201042265
tour_2707,14606814.443596656
tour_2713,12653834.343118709
tour_272,15161378.318999803
tour_2720,3016640.5245022816
tour_2724,487886.45994923566
tour_2732,4274468.780598005
tour_2738,4199948.288761042
tour_2740,8395954.088533713
tour_2744,4213301.41891517
tour_2747,28297051.34834422
tour_2752,8367329.680481949
tour_2761,11023359.10579068
tour_2763,33978909.64368654
tour_2766,10161364.487839516
tour_2779,18086305.4469188
tour_278,5959758.852489451
tour_2781,11556684.708837517
tour_2784,685381.3366319772
tour_2787,690357.9309371855
tour_279,3425606.969685706
tour_2790,1471550.5683243973
tour_2796,12723065.211373297
tour_2797,15625915.034537233
tour_2799,4533058.308056024
tour_280,3075380.1542399735
tour_2803,3484442.7837319793
tour_2805,426707.6992299086
tour_2808,11967825.160605617
tour_2812,32374061.316368386
tour_282,876686.2685105954
tour_2821,980375.1205972186
tour_2822,33792082.267344855
tour_2823,5387773.5296704145
tour_2825,13721339.44608921
tour_2832,7449934.026611948
tour_284,1509378.2821222423
tour_2843,9735867.382709876
tour_2848,3335212.8066195715
tour_2852,694583.3022119007
tour_2853,28554035.877418414
tour_2854,1003089.5730544112
tour_2857,1291230.810434658
tour_2868,10212609.477876035
tour_2869,3515472.904646465
tour_2873,4081716.3122376506
tour_2874,10641673.361079302
tour_2877,24465560.12362256
tour_2878,1743728.907274518
tour_2879,9866005.742836677
tour_288,6431680.913620733
tour_2893,4216476.557556592
tour_2897,5884308.452569102
tour_2898,1854969.196998939
tour_29,2393445.845249355
tour_2901,5817424.449578341
tour_2907,2234552.9382007984
tour_2914,21010674.21000445
tour_2923,1819108.2435189092
tour_2925,26366080.06037859
tour_2926,5783886.262708999
tour_2927,21069998.52828126
tour_2928,26776978.27236038
tour_2931,2515676.1186346076
tour_2934,5091866.411607388
tour_2941,2469957.3540343954
tour_2947,3956236.8267589156
tour_2948,3506127.2536431896
tour_2951,2491735.865011969
tour_2953,10020575.062767176
tour_2955,4261506.9131812
tour_2956,12714517.006550167
tour_2964,3568350.6292856974
tour_2967,4751855.759387171
tour_2983,4146530.4455925645
tour_2986,16511030.70118979
tour_2989,638513.131693092
tour_2995,1298529.6459413401
tour_3,2815187.5272807833
tour_300,23414280.239089828
tour_3020,11049917.492110744
tour_3021,7150035.671525153
tour_3025,16267967.157766275
tour_3029,557724.7501881474
tour_3030,4469407.572753187
tour_3034,8033711.803818299
tour_3045,13529573.985188814
tour_3058,4988186.083618448
tour_3065,693922.3629171746
tour_308,23283590.28976863
tour_3083,1928508.7570594477
tour_3085,10109358.457815262
tour_3094,1774078.146016804
tour_3096,3294281.519294485
tour_3097,12174282.45533226
tour_3098,10652312.989995653
tour_3099,1408671.2699631802
tour_310,7777614.628761693
tour_3101,1590960.6753210267
tour_3106,21509657.443390027
tour_311,1025649.6387035568
tour_3110,30474908.75086482
tour_312,11875504.545550872
tour_3122,396452.6935357971
tour_3123,830568.9340663971
tour_3125,1273039.8438434086
tour_3128,5180573.967041084
tour_313,7707300.395139176
tour_3133,22405339.403557472
tour_3134,15796245.140896803
tour_3136,9681808.93983004
tour_3139,11930771.344365053
tour_3141,892710.0400228032
tour_3145,21611438.31454588
tour_3147,5001121.910985671
tour_315,1252653.324481756
tour_3165,9513597.311630767
tour_3168,543038.7328620325
tour_3179,9754865.867327427
tour_3191,14030759.301639568
tour_3195,4667560.010091554
tour_320,1511514.392614513
tour_3208,17646276.879146535
tour_3209,14083107.252706757
tour_3210,25305725.924085885
tour_3212,22282055.724172223
tour_3217,23022739.598023433
tour_3218,18886122.098461103
tour_323,4021454.41596914
tour_3233,340881.2708841592
tour_3235,10817484.777030814
tour_3237,3426392.2697624676
tour_3244,606150.6319403548
tour_3247,22360994.142840743
tour_3249,25413707.139994446
tour_3252,9269864.915608417
tour_3254,5802203.418073279
tour_3257,6717344.926547173
tour_3259,527221.4177556521
tour_3261,1889351.6986715025
tour_3267,9906520.259469938
tour_3269,455858.4266760177
tour_3271,22539828.309233785
tour_3273,1686721.4419005718
tour_3283,6105589.471573918
tour_329,2658942.6087829294
tour_33,13227846.510050183
tour_3303,8955160.182251511
tour_3304,413058.583919217
tour_3306,5802905.103738674
tour_3310,14370189.744482065
tour_3312,11043480.005237717
tour_3316,25314975.476172652
tour_3319,12194503.853325656
tour_3322,21356839.76967486
tour_3326,6294422.221413924
tour_3327,5955223.810436729
tour_333,4893771.723977944
tour_3332,10016867.47464145
tour_3334,22523343.59255818
tour_3335,22198919.815001022
tour_3339,2383509.315279428
tour_334,2302791.352027623
tour_3342,8885569.937216744
tour_3345,6713807.138357193
tour_3346,13947305.385527367
tour_3350,2396611.629621295
tour_3353,9864457.911475364
tour_3358,377569.3557284985
tour_336,2362127.549585136
tour_3361,2427641.352294632
tour_3365,6669064.064801157
tour_337,4682255.9026604695
tour_3372,1156988.0374024648
tour_3384,1931447.2347176385
tour_3389,14210791.67711978
tour_3392,28326808.595946018
tour_3404,24072519.15397748
tour_341,28579094.043947436
tour_3414,700336.1052255695
tour_3421,10720312.390808418
tour_3423,19518383.891974457
tour_3425,9344724.09684072
tour_3426,655413.0673118414
tour_343,3426853.160153872
tour_3441,645823.5023042255
tour_3444,12174581.37911816
tour_345,1454603.4730307655
tour_3451,3429618.0988276284
tour_3455,12038521.92975296
tour_3459,379948.84712697467
tour_346,17798190.862746075
tour_3462,8655964.352785584
tour_3465,853980.4798026319
tour_3473,15090329.015349636
tour_3476,431974.72855474433
tour_3479,20524655.826686874
tour_348,13193924.82260711
tour_3480,29706855.7381744
tour_3485,4849700.826607424
tour_3494,18017046.88214982
tour_3497,8307073.535670812
tour_35,402465.4137107197
tour_3504,16281474.83706548
tour_3513,6578733.808747271
tour_3516,358547.4773787062
tour_3523,7000025.628412143
tour_3525,8415693.045827191
tour_3526,580333.5517532247
tour_353,32638201.985538587
tour_3530,16252121.60271535
tour_3533,1269010.3120035825
tour_3535,3363710.2714348496
tour_3540,2258601.8568774126
tour_3548,9179403.116379835
tour_356,1237746.7649483928
tour_3561,14900170.78429589
tour_3562,13282766.177299047
tour_3567,1080309.3052886839
tour_3571,7375117.807630718
tour_3572,13413700.358727887
tour_3579,8974098.751689691
tour_3589,12068396.978921412
tour_3593,3882572.2147741662
tour_3598,8302579.003450401
tour_36,1210343.568472668
tour_3600,9009411.843368754
tour_3603,12167454.404217906
tour_3605,10958617.502423232
tour_3609,11049840.037358863
tour_361,17690776.471405912
tour_3610,5656825.152470755
tour_3613,3916184.6096885707
tour_3615,6897503.822328461
tour_3618,15390799.752422106
tour_3620,14562914.388998276
tour_3622,15690607.65882361
tour_3623,21288406.61691568
tour_3626,24276026.444830216
tour_3637,3922971.0811234536
tour_364,2236822.6728101214
tour_3644,5975152.660372001
tour_3645,8642874.654784083
tour_3650,2828552.307340534
tour_3654,12352820.225393664
tour_3657,396786.0242552935
tour_3659,589216.8953300926
tour_3662,1158723.370744754
tour_3665,973614.3907196703
tour_3668,266842.6699493697
tour_367,4909023.373404304
tour_3674,3597055.08903238
tour_3679,12770683.87456922
tour_3680,13864070.416419294
tour_3684,4208456.252584624
tour_3690,19990703.35431249
tour_3691,7629461.972950271
tour_3692,10505992.202160211
tour_3693,4574660.246838456
tour_3704,1990535.8640404963
tour_3709,4034368.8048953437
tour_3711,12344264.303105474
tour_3715,2911947.8931511724
tour_3716,10885184.083330898
tour_3722,1091838.2563750118
tour_3723,2301278.298722042
tour_3726,22362318.72169087
tour_3727,1403073.042316836
tour_373,1137637.6473945337
tour_3732,2850813.6376821534
tour_3739,22563988.967114683
tour_374,1962805.6826751565
tour_3742,12699268.481327364
tour_3750,9067791.120514076
tour_3751,9414891.632335672
tour_3758,1586085.8534803137
tour_3759,4151854.9851056593
tour_3761,17926292.691965844
tour_3768,346612.96885863115
tour_3771,377763.6966753158
tour_3773,1182922.7202942458
tour_3774,392929.21408033365
tour_3776,2413186.0883951914
tour_3779,7191574.231864736
tour_378,1666463.515895241
tour_3787,12895121.16042343
tour_379,5891211.732441358
tour_3795,4909632.282178126
tour_3798,12449535.78687548
tour_3802,2327562.2615498845
tour_3827,23400220.16929998
tour_3828,22874290.48045705
tour_3830,19569917.500178944
tour_3832,19484250.403698202
tour_3833,18684615.460481614
tour_3834,12182283.5303439
tour_384,3004641.814790962
tour_3841,1781111.7442130826
tour_3845,908155.285224417
tour_385,13476341.81522928
tour_3855,6888530.078586346
tour_3856,523722.860320421
tour_3857,355364.12641629553
tour_386,2537047.2515609954
tour_3864,348723.6621376048
tour_3866,1173966.2566396073
tour_3869,4534629.978036275
tour_387,2172573.7721452983
tour_3870,10537184.04112948
tour_3872,624896.8415865042
tour_3873,11492559.96026741
tour_3877,4958804.788884393
tour_3879,1143119.262782982
tour_389,4526920.64142056
tour_3896,1712563.899828869
tour_390,6815949.615966269
tour_3902,5834987.5575716905
tour_3908,19411355.720689196
tour_3912,12054419.870233662
tour_3915,2978698.525798471
tour_3916,13792315.066848658
tour_3917,3426515.7804991156
tour_3928,20247275.921415016
tour_3930,19569917.500178944
tour_3934,1946813.1653645441
tour_3935,9309811.74799209
tour_3936,6432947.73410453
tour_3938,16321583.147535538
tour_3939,285897.0457310906
tour_3940,16946798.080009565
tour_3942,3277285.037300744
tour_3945,1964343.7075129917
tour_3954,1384276.8707312837
tour_3966,1548596.184136677
tour_3970,29584189.389667574
tour_3989,18869986.921213895
tour_3990,15282319.846042134
tour_3993,27176017.474944904
tour_3995,8521655.702330422
tour_3996,8924883.117788445
tour_3999,17791103.730768252
tour_4000,380933.2443257173
tour_4010,11417284.28254535
tour_4015,8569976.864947915
tour_4016,23820479.867760286
tour_4019,11977107.945128545
tour_402,2436411.40933132
tour_4020,1205462.3312807032
tour_4032,10447311.043152612
tour_4033,10203988.690291345
tour_4034,2249113.7194186472
tour_4035,10447311.043152612
tour_4037,10447311.043152612
tour_404,867826.0130325201
tour_4042,5033453.772026151
tour_4048,9345047.747249069
tour_405,23543262.352481414
tour_4050,4538813.83546946
tour_4051,1719193.6946856305
tour_406,3372263.3565258505
tour_4061,435771.25358553266
tour_4069,17326987.615271453
tour_4070,2078825.0853564136
tour_4073,7196619.956814914
tour_4081,15642858.472400032
tour_4082,2797725.031596142
tour_4088,5746756.384948467
tour_4089,2938391.7860411685
tour_41,1410795.1035433367
tour_4102,7654923.460270606
tour_4103,23290042.334444877
tour_4104,20998777.944211707
tour_4109,14017323.176694643
tour_411,8511347.472953252
tour_4111,11027535.755382089
tour_4116,1155090.784344359
tour_4126,11380437.471563738
tour_4132,3759950.6461926764
tour_4136,11174082.687355705
tour_4138,11732352.926777527
tour_4139,952123.6745241118
tour_414,722088.5804493327
tour_4141,11818110.67707641
tour_4143,4277226.7931742165
tour_4144,11629924.592117243
tour_4145,5390458.863787271
tour_4146,550028.326677943
tour_4151,2050500.363925558
tour_4152,805704.5150706203
tour_4162,2181374.656053864
tour_4163,10399874.20802344
tour_4166,14826538.024007613
tour_4173,2513692.7417215197
tour_4174,22155699.21737671
tour_4175,7486192.735899266
tour_4177,1143824.7335710316
tour_4178,10353114.573772704
tour_418,2154837.26140694
tour_4182,2797725.031596142
tour_4184,1230240.4739650742
tour_4185,4622628.072851868
tour_4188,8700297.17845866
tour_419,14830133.280869048
tour_4192,6395829.603400758
tour_4194,32570546.513243243
tour_4196,11993566.03349689
tour_4199,12785996.995590625
tour_42,1664809.5088095427
tour_4204,1958515.1619164422
tour_4211,21601443.562955342
tour_4212,10461227.448559234
tour_4217,24104737.73670338
tour_4219,16269347.263650706
tour_4226,89147.6367822013
tour_4228,23885055.134477343
tour_4229,1140479.2066184839
tour_423,5475074.526008848
tour_4234,819207.4025772002
tour_4235,1694967.6763747006
tour_424,2207587.0785861434
tour_4247,7998194.166809835
tour_4250,425790.8420500292
tour_4253,10899942.86114718
tour_4260,11063879.274309462
tour_4268,1294785.206529269
tour_4280,3408521.577927869
tour_4284,13675908.285045383
tour_4289,14911180.97201224
tour_4293,10581783.613871533
tour_4294,3568735.976435535
tour_4296,2739781.3229236766
tour_4298,4002510.8642461025
tour_43,2889274.1004644455
tour_4302,17737788.252972804
tour_4317,9179695.439559422
tour_4321,10141212.294569679
tour_4327,12506246.864974778
tour_4328,12019190.53770992
tour_4330,8342183.67586993
tour_434,6644331.247870736
tour_4340,10223207.590990063
tour_4347,2165096.271496853
tour_435,14327309.695690596
tour_4350,2111446.0326909777
tour_4354,623877.4150783737
tour_4358,3675066.427712641
tour_4363,9427251.0377496
tour_4365,7653989.700014922
tour_4372,2504741.4960523136
tour_4374,4628124.211397402
tour_438,2106043.782781398
tour_4381,1343617.911514772
tour_4384,1243489.1412706196
tour_4386,11037791.882424323
tour_4394,7871537.8693035
tour_4396,5072654.217079639
tour_4402,22956531.695900735
tour_4411,436881.8890207581
tour_4417,14402580.770780725
tour_442,800932.4809431718
tour_4420,12373186.637337951
tour_4421,303449.07458795205
tour_4425,8892314.772418803
tour_4435,685111.3588947216
tour_4443,10923271.00832167
tour_4444,736318.0266830013
tour_4445,19716610.42154139
tour_4448,8342183.67586993
tour_4449,31357822.76219857
tour_4451,874544.567790379
tour_4463,403456.1653097722
tour_4464,5791481.8395452015
tour_4467,19207637.139718972
tour_4470,3492132.065768205
tour_4474,7707364.580623546
tour_4475,4800931.866715152
tour_4479,3953191.6079251994
tour_4487,1289153.426318047
tour_4491,2452653.6321388227
tour_4492,542779.705805426
tour_4496,511447.7047606014
tour_4497,6938268.828769781
tour_4499,10461171.45482842
tour_4501,395877.0382310304
tour_4507,24157857.150080085
tour_4508,8215209.934162337
tour_4509,611225.6745366966
tour_451,1831788.786795782
tour_4514,888640.2335009181
tour_4520,18549511.228941053
tour_4521,3652213.2306073434
tour_4529,1765191.4972091606
tour_4533,11105371.397318603
tour_4543,2881818.820231731
tour_4549,31786604.392811753
tour_4562,20884528.40795989
tour_4569,40666285.98166141
tour_4571,9226415.45910755
tour_4575,28801725.349072196
tour_4578,8421679.26086668
tour_4581,2029132.2122155651
tour_459,14277439.732119767
tour_460,4573641.214012656
tour_4602,9260284.620960686
tour_4603,11195693.992401585
tour_4618,24218682.861280512
tour_4620,24593851.61396275
tour_4621,26050808.038119208
tour_4625,2711119.19177198
tour_463,2378097.073183289
tour_4641,24072519.15397748
tour_4659,846573.2289289358
tour_4666,2247923.250002161
tour_467,1734192.4858397744
tour_4675,10918419.025455378
tour_4679,12668779.774159068
tour_4681,6564454.80853209
tour_4682,5405510.350349529
tour_4691,5282839.853611745
tour_4698,900353.3428865863
tour_470,19640491.659019202
tour_4702,6640598.113157388
tour_4704,16545047.401676584
tour_4707,2014335.0926766992
tour_4712,4377150.962585328
tour_4721,3217581.0478062197
tour_4722,14474479.111365192
tour_4723,9692790.003808513
tour_473,2326059.6328283027
tour_4730,4641031.375606885
tour_4739,6413223.256036842
tour_4742,3904534.806624091
tour_4743,5979782.369850878
tour_4756,6534958.807770594
tour_476,2345936.4048558213
tour_4769,15353995.41512716
tour_477,3351801.2872138005
tour_4782,9789698.413751774
tour_4784,639753.9794036113
tour_4787,6454027.882263669
tour_4807,4055844.453822613
tour_4811,23106728.5634182
tour_4812,9497623.685999941
tour_4816,10030318.523189416
tour_482,6064151.825434428
tour_4820,3220062.8629823364
tour_4822,9491573.285819516
tour_4824,20702766.54426042
tour_4826,4400858.698050302
tour_4827,1476559.6888408742
tour_4829,1064102.952509609
tour_4831,362580.6016387956
tour_4832,4469303.411732231
tour_4837,2834521.0755808773
tour_4844,5526686.33135454
tour_4846,4483677.724099677
tour_4848,2216268.7773215426
tour_4851,8585095.787407186
tour_4854,27233755.77678491
tour_4869,21341177.620397795
tour_4873,9776161.560041301
tour_4876,10598266.012043405
tour_4878,2405011.9840121223
tour_488,3458142.7596250023
tour_489,17133959.054847308
tour_4892,679806.8217750895
tour_4896,438599.1763331572
tour_49,1167495.8547821688
tour_4903,1873944.0893413422
tour_4905,11340232.82128708
tour_4909,2102995.8869534894
tour_4918,19678503.335053746
tour_4926,22377659.038816724
tour_493,12867263.33752536
tour_4931,3671990.3555268096
tour_4935,14365745.734576257
tour_4938,3941901.6388974953
tour_4939,11481019.955324136
tour_4940,15771065.90635774
tour_4945,9829573.062023178
tour_4948,26844942.71987772
tour_4954,2655220.52026358
tour_4956,11858949.98178098
tour_4960,1650526.0367947635
tour_4961,2826833.177208675
tour_4962,6234310.20348218
tour_4971,5805465.874074875
tour_4975,17933103.956945904
tour_4978,5225084.51819954
tour_4980,12168999.965763418
tour_4981,505180.9033498352
tour_4988,6264342.927973479
tour_499,1115168.6325618925
tour_4995,11416485.19094428
tour_4998,9754865.867327427
tour_5004,1269010.3120035825
tour_5008,8280169.423363319
tour_5009,19287843.684405014
tour_5012,7284187.974670644
tour_5015,7318291.165216319
tour_5016,3593749.6905546617
tour_502,567198.5706304573
tour_5024,9566408.485737668
tour_5033,2249180.8076539407
tour_5038,3470899.709152165
tour_5039,5181244.86982113
tour_5041,6605255.3515331475
tour_5042,12033086.971216287
tour_5046,6604713.800075183
tour_5050,1216916.0206775314
tour_5059,18491411.741557512
tour_5060,6948035.462826839
tour_5062,17648887.74924558
tour_5066,537653.955680437
tour_5075,1756965.745553684
tour_5081,9570674.105931731
tour_5090,15183288.940349368
tour_5094,13999800.83760561
tour_5096,1269079.673841759
tour_5099,14398527.472810311
tour_5103,4090279.110860707
tour_5104,18235174.6777846
tour_5111,14857197.030523581
tour_5113,14935780.599787995
tour_5127,7273335.8555737855
tour_5129,10013113.71283212
tour_5138,21567779.096317444
tour_514,366095.71707515436
tour_5140,395485.97461331246
tour_5143,370373.17850919155
tour_515,4068424.3545669215
tour_5154,15037841.092813509
tour_5155,9775973.243262578
tour_5160,6181516.011733929
tour_5162,4442339.14991993
tour_5168,14699126.21411224
tour_517,2323064.2534957416
tour_5174,3868302.508051415
tour_5178,821054.1721471957
tour_5179,660963.8212442172
tour_5180,825448.0363794981
tour_5183,893666.4413353807
tour_5186,538955.8234682642
tour_5188,2562943.5899363062
tour_5189,8775803.60570002
tour_5193,20305059.727523528
tour_5194,15610671.693899924
tour_5196,7779305.600759604
tour_5199,552839.5285612447
tour_5203,804655.2514630535
tour_5204,398297.2192101152
tour_521,2370716.818180967
tour_5212,13958680.967848854
tour_5213,11559257.045909934
tour_5215,1092055.7719354124
tour_5216,19209892.74636694
tour_5217,14740170.662339354
tour_5219,10401999.627328219
tour_5222,11811329.145722987
tour_5226,4577157.948560055
tour_5235,22477160.208349332
tour_5240,678071.268902415
tour_5242,397585.8885037112
tour_525,615529.6695017011
tour_5254,12072192.632147772
tour_5256,14963900.459051386
tour_5262,12118471.392773427
tour_5266,21832988.45719202
tour_5267,11108812.632113608
tour_5271,15754256.536813755
tour_5278,20122477.058154307
tour_5282,21264342.84711534
tour_5284,338660.64068972855
tour_5287,13850521.27076952
tour_5292,581833.6425781802
tour_5295,322222.0074631969
tour_5298,9378139.800313858
tour_5302,4793511.705488324
tour_5303,25062667.23138015
tour_5308,2639576.3390263547
tour_5309,22666527.031618103
tour_531,1791584.3624724215
tour_532,2559251.0191527065
tour_5325,7419663.14593101
tour_5334,23137497.9570088
tour_5337,1701637.7697833092
tour_5341,12754609.109002376
tour_5342,7354983.705499709
tour_5343,2138699.956988206
tour_5349,824644.6809995233
tour_5350,7484643.610606384
tour_5354,24690953.011279278
tour_5355,19417048.45487173
tour_536,11562729.375738235
tour_5360,15176732.456224194
tour_5362,574568.4271184404
tour_5367,13446898.502089486
tour_5369,13334355.533543305
tour_5379,414454.138011096
tour_538,26146826.874850392
tour_5380,25779363.244175915
tour_5386,7341577.588304312
tour_5389,8390861.085058857
tour_539,11795163.270606732
tour_5393,14968210.937045591
tour_5397,7447881.344966965
tour_54,3145098.5668725576
tour_5403,562164.7295465915
tour_5405,457354.24287049106
tour_5406,11719089.267631818
tour_5407,13894187.11828965
tour_5409,869006.9986856655
tour_5410,23924920.10238932
tour_5420,6239257.463902465
tour_5423,7318568.835685339
tour_543,2220442.7000526683
tour_5431,10831226.74862451
tour_5432,25512342.116582688
tour_5438,5484607.270776882
tour_5444,10932676.152650287
tour_5450,5206979.33875167
tour_5452,1247080.9615358869
tour_5461,9669055.297304427
tour_5465,462858.8193603763
tour_5470,375899.7776496325
tour_5477,10849334.130230017
tour_5479,10500880.887374977
tour_5481,12251881.173996236
tour_5483,13082865.89631705
tour_5486,574568.4271184404
tour_549,1579572.515852183
tour_5490,9620758.989926029
tour_5491,6897506.552923476
tour_5492,1325596.0759077393
tour_5495,3345309.6914988477
tour_5499,25927306.71333122
tour_550,1526935.0428478278
tour_5506,385129.39096363535
tour_5508,29683142.943559017
tour_5509,13414523.977061283
tour_5512,16884031.86204557
tour_5519,645823.5023042255
tour_5521,320691.2511749872
tour_5524,473076.1744819223
tour_5525,826053.8923766636
tour_5527,619794.9742108829
tour_5529,713271.507697402
tour_553,2405675.974137875
tour_5531,495561.5982631416
tour_5546,8041879.709970198
tour_5549,2526371.07448022
tour_5552,15693181.002953272
tour_5553,14372261.845923753
tour_5555,26250991.970182266
tour_556,10498336.529204307
tour_5566,24642253.851911224
tour_5567,21650891.010900874
tour_5569,866202.6240464669
tour_557,7210158.764251282
tour_5586,8182959.937661182
tour_5588,4947465.819322022
tour_559,737303.003701236
tour_5590,8103770.964800766
tour_5600,22123351.412016053
tour_5601,2360369.879313356
tour_5603,558016.5020510402
tour_5609,310913.1984619882
tour_561,20485552.16904973
tour_5610,404708.13909926877
tour_5613,562770.5855437571
tour_5617,896713.9958091085
tour_5618,835602.4007424819
tour_5619,1135697.0956017287
tour_562,12335313.18789196
tour_5625,427343.7567587875
tour_5628,1718068.8353530953
tour_5629,3675743.2805584483
tour_5635,240240.71818274926
tour_5639,7031548.649255782
tour_5644,662803.7422150226
tour_5647,558047.347509373
tour_5660,6504145.983895071
tour_5661,1493061.4565586227
tour_567,1107194.4638070168
tour_5671,468494.67898907
tour_5675,1269235.411800545
tour_5676,12116983.329686308
tour_5677,14100542.21628016
tour_5680,9967985.420059914
tour_5690,298441.5321598872
tour_5692,663931.508473022
tour_5698,2707566.5697930646
tour_570,5193687.532023337
tour_5700,26840475.814188804
tour_5702,9225244.588476878
tour_5704,6364440.232741657
tour_5708,4779860.327196966
tour_5709,11805748.630274616
tour_5711,10449830.435342245
tour_5715,1062694.2282323784
tour_5720,25836045.985308122
tour_5725,4505027.043136861
tour_573,2502052.2442706535
tour_5733,8999521.833857967
tour_5737,4637196.548438674
tour_5740,23862104.276702423
tour_5747,813251.3116356012
tour_5748,13214781.296379516
tour_5749,5189348.038302957
tour_5750,6144803.264012311
tour_5751,3600353.626510778
tour_5764,4819501.362607058
tour_5768,9686002.070250044
tour_5770,9704782.244577851
tour_5773,447918.9753619172
tour_5775,17267629.7079745
tour_5778,25534981.673604205
tour_5779,4155112.429889685
tour_5781,25259174.19547354
tour_5782,8846058.18562487
tour_5783,591062.2429875203
tour_5787,8764861.279443037
tour_5796,2354953.4630717053
tour_5804,23617478.33064086
tour_5808,8714150.476452416
tour_5810,10115890.230450002
tour_5811,10077893.961264474
tour_5814,3071574.5344773536
tour_5815,4523163.797793293
tour_582,3380225.3258779454
tour_5823,3337516.5457557733
tour_5824,9517913.386641897
tour_5827,7830602.876883268
tour_5829,6656147.383101956
tour_5835,8230320.493699121
tour_5840,27360020.016768612
tour_5845,7415985.414066478
tour_5847,19977043.942545377
tour_5851,444799.0773873858
tour_5854,504406.54578617617
tour_5856,22639291.070360314
tour_5862,615529.6695017011
tour_5868,651133.9988198942
tour_5879,6640807.820286773
tour_5884,20434767.056433786
tour_5888,10714113.542551666
tour_5893,11380744.613648847
tour_5895,1009063.1991772299
tour_5902,2075281.6564109616
tour_5906,18071511.264646344
tour_5909,14605937.492571533
tour_5910,3053376.785419585
tour_5919,2079669.9875584007
tour_5923,331495.41984020174
tour_5928,11276051.981262065
tour_5936,13296729.281890254
tour_5937,5546557.812255302
tour_5938,7532967.000068798
tour_5943,1538339.649005907
tour_5946,11332663.850610884
tour_5947,4766862.227898615
tour_595,12132319.836559867
tour_5951,8447380.902140437
tour_5955,4120951.7319117845
tour_5957,5258695.068642233
tour_5960,459272.0358653082
tour_5965,12742251.116237516
tour_5967,971564.8505526944
tour_597,8309266.612572782
tour_5974,7029040.816596492
tour_598,2806208.4490900557
tour_5980,27735088.270864476
tour_5997,2521109.195431005
tour_60,8584055.702866258
tour_600,4798776.7554792
tour_6000,1167098.0047672365
tour_6002,1133857.1648035292
tour_6013,3578644.230837317
tour_602,11365521.493397133
tour_6023,19229481.491045758
tour_6024,3934770.9196781437
tour_6026,12494035.159480646
tour_6029,18412737.750179764
tour_603,11469588.45178331
tour_6035,7528494.010001737
tour_604,935804.8593304459
tour_6044,738220.1839201704
tour_6047,5345598.249094382
tour_605,1513162.9294817876
tour_6054,33680787.3257061
tour_6057,8778886.415455913
tour_606,8804944.414492665
tour_6064,3779598.309561917
tour_6070,1831771.1808373637
tour_6075,13504850.570646022
tour_6076,15840286.343148956
tour_6078,9539327.256248184
tour_6081,14051217.427976858
tour_6083,8858460.617544742
tour_609,2799436.7882307004
tour_6100,24774266.680851527
tour_6106,23261982.40090949
tour_6113,13398141.470801836
tour_6118,333772.2190495336
tour_6123,880432.2419829314
tour_6126,549614.8269801806
tour_6127,413987.64103356586
tour_6128,579311.2098543593
tour_6129,386175.1430101839
tour_6131,391340.8194494155
tour_6144,821186.6785217035
tour_6146,1282416.267491062
tour_6151,2165464.80419412
tour_6157,1234243.7358062419
tour_6160,920905.7187649822
tour_6161,510391.6428656716
tour_6170,284932.4636445299
tour_6172,542173.8498082604
tour_6174,391340.8194494155
tour_6191,1114329.539206637
tour_6195,677720.8854953779
tour_6199,448169.41598669597
tour_62,9443825.198166125
tour_620,2657556.8724865746
tour_6202,538354.8563803632
tour_6204,507291.83664111403
tour_6209,375805.13594235736
tour_6213,1772811.816417544
tour_6215,379525.3488099769
tour_6218,702051.9427130239
tour_6228,920905.7187649822
tour_6237,300892.8993906429
tour_6241,804558.0901149948
tour_6244,371652.58373925975
tour_625,554190.752165353
tour_6252,545636.118224653
tour_6261,985245.8259497981
tour_6262,1145341.1495863055
tour_6263,327058.6653279567
tour_6266,890435.6898302799
tour_6267,480091.673817092
tour_6272,4515901.104573522
tour_6273,1798661.8298033318
tour_6280,1089534.564488258
tour_6281,1359168.9534280652
tour_6282,560026.1414772762
tour_6284,961231.5402055095
tour_6290,297167.1403587073
tour_6291,1996477.0889599728
tour_6293,539809.5030833507
tour_6296,412947.635603199
tour_6302,2814346.5653470336
tour_6307,4463464.547065606
tour_6309,536181.9359790193
tour_6310,1259394.1363965669
tour_6322,562770.5855437571
tour_6328,294096.0474135059
tour_6329,392816.09706468007
tour_6331,569864.3348661531
tour_6338,764623.7207485699
tour_634,806677.5044281109
tour_6340,990958.8058311688
tour_6342,821243.4063723981
tour_6343,358894.95948935894
tour_6347,858457.2118004698
tour_6349,1141278.8423725718
tour_6350,307308.96109177935
tour_6351,654748.238579132
tour_6353,312732.7549725933
tour_6358,688492.27891268
tour_6362,2325152.064546462
tour_6363,382133.98920103756
tour_6365,866919.4581094824
tour_6366,1126475.6417812475
tour_6371,395991.18090272916
tour_6379,975052.6927812633
tour_6383,338981.0302891438
tour_6391,620936.0592379984
tour_6404,1963708.8474513434
tour_6413,575174.2831156059
tour_6415,839295.0229047147
tour_6416,599738.2061393883
tour_6417,1011212.9170941983
tour_6421,869612.854682831
tour_6425,416232.82001192553
tour_6427,2910923.3493301696
tour_6434,966386.12418091
tour_6437,479633.79008766706
tour_6442,621139.1898363734
tour_6446,2956188.2201875215
tour_6451,1266739.5900688781
tour_6457,1091312.2490249916
tour_6463,1359901.3779553068
tour_6464,494046.4630436765
tour_6467,1248029.2211806823
tour_6472,1022304.047411091
tour_6473,2465119.2295050407
tour_6474,634248.5403043537
tour_648,2764115.0883617983
tour_653,1205868.241004473
tour_659,8437089.160281394
tour_66,7346858.053325448
tour_660,13652095.183058629
tour_661,10365972.06488706
tour_663,2434442.1039838092
tour_665,1362522.5084136913
tour_667,3122261.1185850855
tour_67,21322497.250793014
tour_674,364302.49848285946
tour_677,784210.3371474117
tour_682,5377976.446335368
tour_683,4359259.899879519
tour_685,4504431.778015579
tour_690,5354035.964182316
tour_7,3435805.9018288017
tour_700,1563737.9668552526
tour_701,30193600.874556985
tour_704,2434751.0053866194
tour_705,433634.358479573
tour_707,6799573.665294932
tour_711,15884876.593729405
tour_714,2634523.4151460435
tour_718,8095981.114587874
tour_726,5563134.854289765
tour_729,25664530.796167154
tour_733,28718709.578307435
tour_734,6605034.598388915
tour_735,4678865.290270724
tour_742,1682798.0221086848
tour_747,5490005.353801351
tour_750,1404264.4044949538
tour_753,2468668.5228729285
tour_757,6365497.002652917
tour_759,2395078.710559375
tour_764,744722.7679429566
tour_765,2229404.5284140264
tour_771,4760071.630943478
tour_772,5595850.0178516535
tour_776,12545048.610008651
tour_780,20748282.24210793
tour_787,7633302.048406946
tour_791,3886079.162326231
tour_794,3650360.5781772304
tour_798,34922612.70439467
tour_805,456103.64901616843
tour_816,1511746.67211224
tour_817,2112529.7816412644
tour_819,10491375.722072134
tour_830,5091668.721431268
tour_831,5577926.981924878
tour_836,12437171.817259787
tour_837,4482337.961531577
tour_843,2558091.2825801857
tour_844,11389428.58415377
tour_850,4569515.721948778
tour_861,2974951.4601189815
tour_863,4034017.805943465
tour_870,2373945.9811477703
tour_874,1130399.9739024823
tour_878,5621885.702186309
tour_879,1476243.19094165
tour_88,9455442.21584671
tour_881,767913.9268855456
tour_882,3483218.7174461917
tour_888,2762340.4914708748
tour_890,2486275.9862016593
tour_891,891408.9494587288
tour_892,5721791.699879677
tour_894,1314420.1035171968
tour_897,6460422.3266068855
tour_901,6581369.914454085
tour_903,614489.0373865567
tour_905,674866.189273201
tour_906,7332115.4060095195
tour_915,4182909.4607958305
tour_918,33764368.881684065
tour_921,1392693.9682284452
tour_923,15139202.504082583
tour_925,4364539.990866222
tour_931,8289675.778717706
tour_937,9306195.752773903
tour_938,3435450.5888322615
tour_941,8818598.267395297
tour_942,10394471.98190982
tour_947,4765209.710685045
tour_95,10836718.015192136
tour_950,541499.1309178768
tour_958,4331384.849142107
tour_959,8750812.280172663
tour_96,1250721.8379103146
tour_963,3878006.197209728
tour_964,7072006.891740333
tour_965,1242554.15929599
tour_968,5856072.126887852
tour_971,8699105.897636386
tour_972,5691663.907807116
tour_977,4428247.450525113
tour_988,1014251.1667987773
tour_990,23849244.883636717
tour_992,1130512.5110200965
tour_996,1344373.8446431926
tour_998,6658704.939524033
